model,id,category,question,reference_answer,expected_source,success,answer,top_sources,retrieval_hit,reference_overlap,retrieve_time,generate_time,total_time,error
deepseek-r1:7b-qwen-distill-q4_K_M,1,网络,计算机网络采用分层体系结构的主要意义是什么？,分层可以降低复杂度，使每层只关注本层职责并通过接口向上层提供服务，便于协议替换和故障定位。,computer_networks.md,1,"计算机网络采用分层体系结构的主要意义在于简化系统设计、提高可管理性并支持标准化协议。每一层次独立负责特定功能，如物理层处理数据传输，而应用层则处理用户需求。这种结构便于协议替换和扩展，同时有助于定位故障。

关键点：
1. **降低复杂度**：",computer_networks.md(1.0000); database_systems.md(0.2651); ai_rag_notes.md(0.2578); operating_systems.md(0.2108),1,0.6341,0.8171,213.6221,214.4402,
deepseek-r1:7b-qwen-distill-q4_K_M,2,网络,OSI 参考模型包含哪些层？,OSI 参考模型包含物理层、数据链路层、网络层、传输层、会话层、表示层和应用层。,computer_networks.md,1,"OSI 参考模型包含七个层次：物理层、数据链路层、网络层、传输层、会话层、表示层和应用层。每个层次负责特定的任务，如物理层处理信号传输，数据链路层管理帧传输，网络层进行IP地址分配，传输层确保数据报的可靠传输，会话层管理通信会话，表示层处理语法转换，应用层处理用户数据。

关键点：
1. 物理层：负责信号传输和设备间 electrical 接口。
2. 数据链路层：处理帧传输并进行流量控制",computer_networks.md(0.9007); ai_rag_notes.md(0.5083); ai_rag_notes.md(0.4977); computer_networks.md(0.4500),1,0.5,0.814,169.0014,169.8156,
deepseek-r1:7b-qwen-distill-q4_K_M,3,网络,TCP 为什么适合文件传输和网页访问？,TCP 面向连接并提供可靠传输，使用确认、重传、流量控制和拥塞控制保证数据可靠到达。,computer_networks.md,1,"TCP 适合文件传输和网页访问是因为它提供了可靠的连接建立和数据传输机制。具体来说：

1. **可靠传输**：TCP 使用三次握手建立连接，并通过确认应答、重传等机制确保数据正确到达，这使得其非常适合对可靠性要求高的场景。

2. **高效传输**：TCP 处理大块数据，减少了分片操作，从而提高了传输效率。这对于需要快速加载和处理的文件传输和网页访问尤为重要。

依据来源：
- [片段1] 计算机网络基础资料中详细解释了TCP的特点及其在可靠",computer_networks.md(0.7662); ai_rag_notes.md(0.4500); ai_rag_notes.md(0.3481); database_systems.md(0.3481),1,0.5,0.3514,168.7496,169.101,
deepseek-r1:7b-qwen-distill-q4_K_M,4,网络,UDP 的特点和典型应用场景是什么？,UDP 无连接、开销小、时延低，不保证可靠交付，常用于 DNS、实时音视频和在线游戏。,computer_networks.md,1,"UDP（用户数据报协议）是一种无连接式的传输协议，具有以下特点：
- **无连接**：不维护连接状态，开销小，时延低；
- **不可靠**：不保证可靠交付，需在应用层自行设计重传机制。

典型应用场景包括：
- 实时音视频传输
- 在线游戏
- 对于对可靠性要求不高的场景

依据来源：片段1",computer_networks.md(0.5500); computer_networks.md(0.4737); computer_networks.md(0.4586); database_systems.md(0.2749),1,0.0,0.3274,179.8838,180.2113,
deepseek-r1:7b-qwen-distill-q4_K_M,5,网络,CIDR 中 192.168.1.0/24 表示什么？,它表示前 24 位是网络前缀，对应 192.168.1.0 这个网络范围。,computer_networks.md,1,,computer_networks.md(1.0000); database_systems.md(0.2246); computer_networks.md(0.1698); ai_rag_notes.md(0.1556),1,0.0,0.3373,178.8601,179.1977,
deepseek-r1:7b-qwen-distill-q4_K_M,6,网络,HTTPS 相比 HTTP 增加了哪些安全能力？,HTTPS 在 HTTP 与 TCP 之间加入 TLS，提供身份认证、数据加密和完整性校验。,computer_networks.md,1,"HTTPS相比HTTP增加了身份认证、数据加密和数据完整性校验等功能，以增强网络安全。

### 1. 身份认证
HTTPS通过使用TLS协议中的证书进行身份验证，确保通信双方的身份信息真实可靠。用户可以验证对方的服务器是否属于可信实体，从而减少被欺骗的风险。

### 2. 数据加密
在HTTP的数据传输过程中，HTTPS对数据进行了端到端加密，防止数据在传输过程中被窃听或篡改。这种加密使用了现代密码学算法，确保只有授权方能够访问数据内容。

### 3. 数据完整性校验
HTTPS通过在每个请求的头部分析器（HTTP/2）中添加报文检查和校",computer_networks.md(0.5500); ai_rag_notes.md(0.5380); database_systems.md(0.3496); database_systems.md(0.3429),1,0.0,0.3351,191.5877,191.9229,
deepseek-r1:7b-qwen-distill-q4_K_M,7,网络,DNS 缓存有什么作用？,DNS 缓存可以减少重复查询并提高访问速度，但缓存过期时间会影响域名变更生效速度。,computer_networks.md,1,"DNS缓存的作用主要有以下几点：

1. **减少重复请求**：缓存存储最近一次请求的结果，当客户端再次访问同一域名时，可以快速返回缓存中的结果，从而减少了网络请求次数。

2. **提高访问速度**：通过缓存机制，减少了DNS服务器的负载压力，并加快了数据获取的速度。

3. **存储权威信息**：缓存中存储的是经过验证的IP地址，确保用户能够获得最新的和最准确的域名解析结果。

4. **延长域名有效期**：缓存可以延长域名的有效期",computer_networks.md(0.8182); ai_rag_notes.md(0.4500); computer_networks.md(0.3486); database_systems.md(0.1909),1,0.0,0.3072,147.9584,148.2657,
deepseek-r1:7b-qwen-distill-q4_K_M,8,操作系统,进程和线程的核心区别是什么？,进程是资源分配和保护的基本单位，线程是 CPU 调度的基本单位；同一进程内线程共享地址空间和资源。,operating_systems.md,1,"进程和线程的核心区别在于它们的资源隔离性和调度机制。进程是独立的执行实体，拥有独立的地址空间、资源和计数器；而线程是进程内的执行流，共享大部分资源但具有较低的切换开销。

关键点：
1. **资源隔离性**：进程之间隔离性强，通信成本高；线程共享数据，切换开销低。
2. **",operating_systems.md(0.8387); computer_networks.md(0.4500); database_systems.md(0.3453); operating_systems.md(0.3010),1,0.0,0.3328,175.7951,176.1281,
deepseek-r1:7b-qwen-distill-q4_K_M,9,操作系统,线程共享数据为什么还需要锁或信号量？,线程共享进程地址空间，多个线程并发访问共享数据可能产生竞态条件，因此需要同步机制。,operating_systems.md,1,线程共享数据时，多个线程可能同时试图修改同一块内存区域，导致竞争条件（RMA），从而引发数据不一致或错误。锁或信号量用于,operating_systems.md(0.9301); ai_rag_notes.md(0.4610); computer_networks.md(0.4391); database_systems.md(0.4182),1,0.4857,0.3249,198.7906,199.1155,
deepseek-r1:7b-qwen-distill-q4_K_M,10,操作系统,时间片轮转调度为什么适合交互式系统？,时间片轮转为每个就绪进程分配固定时间片，提升公平性和响应性。,operating_systems.md,1,,operating_systems.md(0.7381); database_systems.md(0.4750); computer_networks.md(0.2844); ai_rag_notes.md(0.2726),1,0.0,0.3095,176.2667,176.5763,
deepseek-r1:7b-qwen-distill-q4_K_M,11,操作系统,虚拟内存的作用是什么？,虚拟内存将进程地址空间与物理内存解耦，扩大可用地址空间、提供隔离并支持按需分页。,operating_systems.md,1,"虚拟内存的作用是将进程看到的地址空间与物理内存解耦，通过页表将虚拟页映射到物理页框，并允许暂时不用的页面换出到磁盘，从而扩展了可用地址空间、提供了进程隔离并支持按需分页。

### 关键点：
1",operating_systems.md(1.0000); computer_networks.md(0.5963); operating_systems.md(0.4730); computer_networks.md(0.2533),1,0.9706,0.2883,176.8073,177.0957,
deepseek-r1:7b-qwen-distill-q4_K_M,12,操作系统,缺页中断频繁会导致什么问题？,频繁缺页会使系统不断换入换出页面，导致抖动和性能下降。,operating_systems.md,1,"缺页中断频繁会导致系统性能下降和抖动。当进程请求的页面不在内存中时，操作系统会尝试加载该页面到内存。如果频繁发生缺页中断，可能会导致以下问题：

1. **系统抖动增加**：CPU空闲等待I/O操作的时间增加，影响系统的响应速度。
2. **性能下降**：磁盘访问时间变长",operating_systems.md(0.8419); computer_networks.md(0.4500); database_systems.md(0.3525); database_systems.md(0.2627),1,0.84,0.2803,164.5226,164.803,
deepseek-r1:7b-qwen-distill-q4_K_M,13,操作系统,死锁产生的四个必要条件是什么？,四个必要条件是互斥、占有并等待、不可抢占和循环等待。,operating_systems.md,1,"死锁产生的四个必要条件是：互斥、占有并等待、不可抢占和循环等待。

### 正确答案：
- **互斥**：资源分配必须是排他性的。一个进程获得资源后，其他进程就不能再竞争该资源。
- **占有并等待**：某个进程已经获得了资源，并且在等待其他资源以完成当前任务。
- **不可抢占**：一旦某进程获得了资源，系统不能将其剥夺，除非该进程释放了所有依赖的资源。
- **循环",operating_systems.md(0.7326); computer_networks.md(0.4500); computer_networks.md(0.3267); ai_rag_notes.md(0.2817),1,1.0,0.342,176.687,177.029,
deepseek-r1:7b-qwen-distill-q4_K_M,14,操作系统,银行家算法属于哪类死锁处理策略？,银行家算法属于死锁避免策略，会在资源分配前判断系统是否处于安全状态。,operating_systems.md,1,"银行家算法属于**避免**类的死锁处理策略。它通过在资源分配前判断系统是否仍处于安全状态来防止死锁的发生。

### 关键点：
1. **银行家算法**：一种典型的死锁避免算法，用于在资源分配前检查系统是否仍处于安全状态。
2. **避免类**：这类策略通过预先检测和阻止潜在的死锁情况来防止死锁的发生。
3. **安全性判断**：银行家算法依赖于安全性概念，确保在任何时刻系统都是安全的。

### 来源：
- 参考资料片段1中提到，银行家算法是一种典型的死锁避免算法。",operating_systems.md(0.7262); database_systems.md(0.4500); operating_systems.md(0.3907); database_systems.md(0.3358),1,0.9697,0.322,185.745,186.0671,
deepseek-r1:7b-qwen-distill-q4_K_M,15,操作系统,日志文件系统为什么能提高崩溃恢复能力？,日志文件系统先记录元数据操作日志，再修改结构，崩溃后可根据日志恢复一致性。,operating_systems.md,1,"日志文件系统能够提高崩溃恢复能力，主要基于以下几个关键因素：

1. **记录操作历史**：日志文件系统记录了所有用户操作的详细信息，包括",operating_systems.md(0.5998); ai_rag_notes.md(0.4698); ai_rag_notes.md(0.4524); database_systems.md(0.4300),1,0.4839,0.305,192.4191,192.7242,
deepseek-r1:7b-qwen-distill-q4_K_M,16,数据库,关系数据库中的主键和外键分别有什么作用？,主键唯一标识表中记录，外键表达表之间的引用关系。,database_systems.md,1,"主键和外键是关系数据库中用于管理数据的重要机制，它们各自承担着不同的功能。

### 主键的作用：
1. **唯一标识记录**：主键赋予每个记录一个唯一的标识符，防止重复。
2. **约束关系**：确保每个",database_systems.md(0.9753); database_systems.md(0.5805); ai_rag_notes.md(0.4442); computer_networks.md(0.3185),1,0.7619,0.3237,155.8539,156.1776,
deepseek-r1:7b-qwen-distill-q4_K_M,17,数据库,数据库规范化的目的是什么？,规范化用于减少数据冗余和更新异常，提高数据一致性。,database_systems.md,1,"数据库规范化的目的是为了减少数据冗余和更新异常，提高数据的一致性和完整性，从而增强数据库的可维护性。

分点说明：
1. **减少数据冗余**：通过定义标准的数据结构、字段类型和约束，规范化消除重复字段，确保每个字段只存储必要的信息。
2. **提高数据一致性**：规范化确保所有记录遵循统一的标准，减少因字段不一致导致的问题。
3. **降低更新异常**：规范化减少了插入异常（新增",database_systems.md(0.7052); ai_rag_notes.md(0.4500); computer_networks.md(0.4121); computer_networks.md(0.2776),1,0.913,0.3005,152.6113,152.9118,
deepseek-r1:7b-qwen-distill-q4_K_M,18,数据库,第三范式主要约束什么问题？,第三范式要求非主属性不传递依赖候选键，以减少传递依赖带来的异常。,database_systems.md,1,"第三范式（3NF）主要约束了非主属性对主键的传递依赖问题。它通过消除这种依赖关系来减少数据冗余和提高数据库的一致性和完整性。

### 关键点：
1. **消除传递依赖**：确保每个字段仅由其直接相关联的主键决定，而非通过中间表间接关联。
2. **数据一致性**：避免因数据结构复杂导致的信息混乱或不一致。
3. **减少冗余**：通过规范化的数据关系结构",database_systems.md(1.0000); ai_rag_notes.md(0.3849); ai_rag_notes.md(0.3571); ai_rag_notes.md(0.3394),1,0.75,0.3112,170.9892,171.3005,
deepseek-r1:7b-qwen-distill-q4_K_M,19,数据库,B+ 树索引为什么适合范围查询？,B+ 树叶子节点按键值有序并通过链表相连，便于顺序扫描范围数据。,database_systems.md,1,,database_systems.md(1.0000); computer_networks.md(0.2817); ai_rag_notes.md(0.2616); computer_networks.md(0.2576),1,0.0,0.3032,126.9059,127.2092,
deepseek-r1:7b-qwen-distill-q4_K_M,20,数据库,索引会带来哪些代价？,索引会占用额外存储空间，并增加插入、删除、更新时维护索引的开销。,database_systems.md,1,"索引在数据库中被广泛用于加速数据查询和操作。然而，它们也会带来一些代价：

首先，索引需要占用额外的存储空间。为了实现快速的数据访问，数据库系统会为每个索引分配额外的空间，这可能导致存储开销增加。

其次，在进行插入、删除或更新操作时，系统需要维护索引结构。这些操作增加了处理时间，尤其是在频繁执行大量查询的情况下，索引维护的时间可能会显著增加。

此外，过度使用索引可能会影响事务的性能",database_systems.md(0.8258); database_systems.md(0.5085); computer_networks.md(0.4192); operating_systems.md(0.3473),1,0.9655,0.3041,168.6091,168.9132,
deepseek-r1:7b-qwen-distill-q4_K_M,21,数据库,事务 ACID 分别表示什么？,ACID 表示原子性、一致性、隔离性和持久性。,database_systems.md,1,"事务 ACID 分别表示：

1. **原子性（A）**：事务要么全部成功，要么全部失败。
2.",database_systems.md(0.7577); database_systems.md(0.7326); computer_networks.md(0.4740); ai_rag_notes.md(0.2581),1,0.5,0.2914,174.2631,174.5546,
deepseek-r1:7b-qwen-distill-q4_K_M,22,数据库,MVCC 如何减少读写冲突？,MVCC 保存数据多个版本，让读操作读取一致性快照，从而减少读写冲突。,database_systems.md,1,"MVCC（多版本控制协议）通过保存多个数据版本来减少读写冲突。当一个事务开始时，系统生成一个新的版本，并将修改应用到该版本中。其他事务基于这个最新版本进行操作，确保一致性。

关键步骤：
1. **版本管理**：每个写入操作生成新版本。
2. **读取一致性快照**：读操作",database_systems.md(0.5500); computer_networks.md(0.4683); ai_rag_notes.md(0.4276); ai_rag_notes.md(0.3620),1,0.0,0.3268,150.2587,150.5856,
deepseek-r1:7b-qwen-distill-q4_K_M,23,人工智能,Transformer 为什么不依赖循环结构也能建模序列关系？,Transformer 通过自注意力计算序列中不同位置之间的关联，并使用位置编码补充词序信息。,ai_rag_notes.md,1,"Transformer 不依赖循环结构也能建模序列关系的原因在于其独特的多头自注意力机制和并行计算能力。以下是详细的解释：

1. **多头自注意力机制**：Transformer 使用多个注意力头来处理不同的子空间，每个头可以关注序列中的不同部分，从而捕捉复杂的序列依赖性。

2. **并行计算能力**：",ai_rag_notes.md(0.8072); ai_rag_notes.md(0.4500); computer_networks.md(0.4477); computer_networks.md(0.3329),1,0.5,0.3276,154.3403,154.668,
deepseek-r1:7b-qwen-distill-q4_K_M,24,人工智能,多头注意力的作用是什么？,多头注意力可以在多个表示子空间中学习不同关系，增强模型表达能力。,ai_rag_notes.md,1,"多头注意力的作用是通过多个不同的注意力头来捕捉不同类型的上下文关系，从而提高模型的表达能力和对长距离依赖的建模能力。

### 关键点：
1. **多头注意力**：在Transformer架构中，多头注意力允许模型同时关注序列中的多个位置，并且每个注意力头可以学习不同的表示方式。这使得模型能够捕捉到更丰富的语义信息。",ai_rag_notes.md(1.0000); computer_networks.md(0.3289); database_systems.md(0.2337); computer_networks.md(0.2334),1,0.8276,0.3271,177.1261,177.4533,
deepseek-r1:7b-qwen-distill-q4_K_M,25,RAG,Ollama 本地部署在课程设计中有什么优势？,本地部署使专业文档无需上传第三方服务，便于保护隐私和复现实验环境。,ai_rag_notes.md,1,"Ollama 本地部署在课程设计中具有以下优势：

1. **数据隐私**：本地部署避免了将文档上传到第三方服务，保护专业文档的隐私。  
2. **减少传输延迟与带宽消耗**：本地运行无需通过网络传输模型和请求响应，提升",ai_rag_notes.md(0.7368); computer_networks.md(0.4644); operating_systems.md(0.2296); computer_networks.md(0.1735),1,0.7273,0.3338,175.0255,175.3594,
deepseek-r1:7b-qwen-distill-q4_K_M,26,RAG,Embedding 在 RAG 中承担什么任务？,Embedding 把文本映射为高维向量，使系统能用余弦相似度进行语义检索。,ai_rag_notes.md,1,,ai_rag_notes.md(0.6661); ai_rag_notes.md(0.6476); computer_networks.md(0.4500); ai_rag_notes.md(0.3325),1,0.0,0.3028,155.0944,155.3973,
deepseek-r1:7b-qwen-distill-q4_K_M,27,RAG,RAG 的基本流程是什么？,RAG 流程包括文档解析、文本切分、向量化入库、问题向量化、相似度检索、Prompt 拼接和答案生成。,ai_rag_notes.md,1,"RAG（Retrieval-Augmented Generation）的基本流程包括以下步骤：

1. **文档解析**：将原始文本进行初步处理，确保数据的完整性和一致性。
2. **文本切分**：将长文本分割成多个短的、有意义的片段，以便后续处理。
3. **向量化入库**：将每个文本片段转换为高维向量，并存储到数据库中。
4. **问题转换**：将用户的问题或查询同样转换为向量形式。
5. **相似度检索**：通过",ai_rag_notes.md(1.0000); ai_rag_notes.md(0.5908); operating_systems.md(0.4506); computer_networks.md(0.3852),1,0.0,0.2803,168.7819,169.0622,
deepseek-r1:7b-qwen-distill-q4_K_M,28,RAG,RAG 可以缓解大模型的哪些问题？,RAG 可以缓解知识过时、专业知识不足和幻觉问题。,ai_rag_notes.md,1,RAG（ Retrieval-Aug,ai_rag_notes.md(0.8035); ai_rag_notes.md(0.5390); computer_networks.md(0.4696); operating_systems.md(0.3605),1,0.0,0.3051,173.7812,174.0863,
deepseek-r1:7b-qwen-distill-q4_K_M,29,RAG,专业文档问答的 Prompt 为什么要要求拒绝编造？,因为检索片段可能没有答案，拒绝编造可以降低幻觉并提升答案可信度。,ai_rag_notes.md,1,"根据提供的参考资料，知识库中没有找到明确的答案来说明为什么专业文档问答的 Prompt 要求拒绝编造。

回答：
专业文档问答的 Prompt 为什么要要求拒绝编造？

1. **防止错误信息**：通过限制生成内容只能基于已有的参考资料，可以避免因编造而引入不准确或过时的信息。
2. **确保准确性**：引用现有资料可以提高回答的可信度和正确性，",ai_rag_notes.md(0.9350); ai_rag_notes.md(0.7945); database_systems.md(0.2479); ai_rag_notes.md(0.2053),1,0.6429,0.3506,169.1667,169.5175,
deepseek-r1:7b-qwen-distill-q4_K_M,30,RAG,影响 RAG 最终效果的关键因素有哪些？,检索质量、文档切分策略和提示词约束会直接影响最终问答效果。,ai_rag_notes.md,1,,ai_rag_notes.md(0.6978); ai_rag_notes.md(0.4500); ai_rag_notes.md(0.4044); computer_networks.md(0.3246),1,0.0,0.2981,156.0843,156.3825,
qwen2.5:7b-instruct-q4_K_M,1,网络,计算机网络采用分层体系结构的主要意义是什么？,分层可以降低复杂度，使每层只关注本层职责并通过接口向上层提供服务，便于协议替换和故障定位。,computer_networks.md,1,"计算机网络采用分层体系结构的主要意义在于通过将复杂的功能分解为多个层次来降低系统设计的复杂度。每一层只关注本层职责，并通过接口向上层提供服务。

- 关键概念：分层体系结构是将复杂的任务分解为更小、更易于管理的部分。
- 步骤或原因：
  - 方便协议替换：当某一层的协议需要更新时，其他各层不受影响。
  - 定位网络故障：通过层次划分可以更容易地定位问题所在。
  
依据来源：[片段1] 文件：computer_networks.md",computer_networks.md(1.0000); database_systems.md(0.2651); ai_rag_notes.md(0.2578); operating_systems.md(0.2108),1,0.9512,0.3328,163.3835,163.7165,
qwen2.5:7b-instruct-q4_K_M,2,网络,OSI 参考模型包含哪些层？,OSI 参考模型包含物理层、数据链路层、网络层、传输层、会话层、表示层和应用层。,computer_networks.md,1,"OSI参考模型包含了物理层、数据链路层、网络层、传输层、会话层、表示层和应用层。

- 物理层负责定义了电子设备如何通过电缆或光纤等介质发送和接收原始的比特流，是整个通信系统的基础。
- 数据链路层确保了两个相邻节点之间可靠的数据传输，并处理错误检测与纠正等问题。
- 网络层负责路由选择，即确定数据包从源到目的地的最佳路径。
- 传输层提供端到端的、可靠的或不可靠的数据传输服务，包括流量控制和拥塞控制等机制。
- 会话层管理两个应用实体之间的对话连接，确保通信双方能够开始、维持和终止会话。
- 表示层负责数据格式转换与加密解密等工作，使得不同系统间可以进行有效的信息交换。
- 应用层为用户提供各种网络服务，如文件传输、电子邮件等。

依据来源：[片段1] 计算机网络基础资料（computer_networks.md）",computer_networks.md(0.9007); ai_rag_notes.md(0.5083); ai_rag_notes.md(0.4977); computer_networks.md(0.4500),1,0.0,0.3444,140.4563,140.8008,
qwen2.5:7b-instruct-q4_K_M,3,网络,TCP 为什么适合文件传输和网页访问？,TCP 面向连接并提供可靠传输，使用确认、重传、流量控制和拥塞控制保证数据可靠到达。,computer_networks.md,1,"TCP（传输控制协议）适合文件传输和网页访问的原因在于其能够提供可靠的数据传输服务。具体来说：

1. **三次握手建立连接**：在数据传输之前，TCP 通过三次握手来确保双方已经准备好进行通信。
2. **序号、确认应答机制**：TCP 使用序列号来跟踪每个发送的数据段，并且接收方会发送确认应答以告知对方已成功接收到数据。如果某个数据段未被正确接收到，发送方将重传该数据段。
3. **流量控制和拥塞控制**：这些机制有助于防止网络过载并确保数据流的平稳传输。

依据来源：
- 关键概念、步骤或原因来源于【参考资料】片段1中关于TCP的内容。具体信息见文件《computer_networks.md》中的“TCP 与 UDP”部分。",computer_networks.md(0.7662); ai_rag_notes.md(0.4500); ai_rag_notes.md(0.3481); database_systems.md(0.3481),1,0.0,0.3252,150.4767,150.802,
qwen2.5:7b-instruct-q4_K_M,4,网络,UDP 的特点和典型应用场景是什么？,UDP 无连接、开销小、时延低，不保证可靠交付，常用于 DNS、实时音视频和在线游戏。,computer_networks.md,1,"UDP 是无连接传输协议，它不保证可靠交付，也不维护连接状态，因此协议开销小、时延低。其典型应用场景包括 DNS 查询、实时音视频、在线游戏等更关注实时性的场景。

1. **关键概念**：UDP 不建立连接，直接发送数据包。
2. **步骤或原因**：由于 UDP 不需要建立和维护连接状态，因此在处理大量小数据包时开销较小。此外，它不进行确认应答机制，可以减少延迟，适用于对实时性要求较高的场景。

依据来源：
- 片段1 来自文件 computer_networks.md
- 片段3 来自文件 computer_networks.md",computer_networks.md(0.5500); computer_networks.md(0.4737); computer_networks.md(0.4586); database_systems.md(0.2749),1,0.3333,0.3742,147.5279,147.9022,
qwen2.5:7b-instruct-q4_K_M,5,网络,CIDR 中 192.168.1.0/24 表示什么？,它表示前 24 位是网络前缀，对应 192.168.1.0 这个网络范围。,computer_networks.md,1,"CIDR 中 192.168.1.0/24 表示前 24 位是网络前缀。

- 关键概念：CIDR（无类别域间路由）是一种地址分配技术，使用“地址/前缀长度”的方式表示网络范围。
- 步骤或原因：在 192.168.1.0/24 中，“/24”表示该 IP 地址的前 24 位是网络前缀部分。剩余的 8 位用于主机标识，因此可以容纳 256（2^8）个不同的主机地址。
- 来源：参考资料中的片段1，文件名为computer_networks.md。",computer_networks.md(1.0000); database_systems.md(0.2246); computer_networks.md(0.1698); ai_rag_notes.md(0.1556),1,0.2,0.3126,148.8807,149.1934,
qwen2.5:7b-instruct-q4_K_M,6,网络,HTTPS 相比 HTTP 增加了哪些安全能力？,HTTPS 在 HTTP 与 TCP 之间加入 TLS，提供身份认证、数据加密和完整性校验。,computer_networks.md,1,"HTTPS相比HTTP增加了身份认证、数据加密和完整性校验的安全能力。

- **身份认证**：通过TLS握手过程，服务器可以向客户端证明其身份，确保客户端连接的是正确的服务器。这有助于防止中间人攻击。
- **数据加密**：在传输过程中，HTTPS使用了SSL/TLS协议对数据进行加密，使得即使数据被截获也无法轻易读取内容。
- **完整性校验**：通过哈希算法和数字签名等机制，确保数据在传输过程中的完整性和未被篡改。

依据来源：
1. [片段1] 文件：computer_networks.md",computer_networks.md(0.5500); ai_rag_notes.md(0.5380); database_systems.md(0.3496); database_systems.md(0.3429),1,0.0,0.298,154.1845,154.4826,
qwen2.5:7b-instruct-q4_K_M,7,网络,DNS 缓存有什么作用？,DNS 缓存可以减少重复查询并提高访问速度，但缓存过期时间会影响域名变更生效速度。,computer_networks.md,1,"DNS缓存可以减少重复查询，提高访问速度。但是，如果域名发生变更，由于缓存的存在可能会导致更新不及时。

- 分点说明：
  - **减少重复查询**：客户端在进行域名解析时，首先会检查本地缓存中是否已经存在该域名对应的IP地址记录。
  - **提高访问速度**：通过使用缓存，可以避免每次都向递归DNS服务器发起请求，从而加快了域名到IP地址的转换过程。
  - **影响域名变更生效速度**：由于缓存的存在，当域名发生变更时，可能需要等待缓存过期或手动清除缓存才能使最新的解析结果生效。

- 参考依据：
  - 来源：[片段1] 文件：computer_networks.md",computer_networks.md(0.8182); ai_rag_notes.md(0.4500); computer_networks.md(0.3486); database_systems.md(0.1909),1,0.0,0.3109,120.8224,121.1333,
qwen2.5:7b-instruct-q4_K_M,8,操作系统,进程和线程的核心区别是什么？,进程是资源分配和保护的基本单位，线程是 CPU 调度的基本单位；同一进程内线程共享地址空间和资源。,operating_systems.md,1,"进程和线程的主要区别在于它们是操作系统进行资源管理和调度的基本单位，但具体实现上有所不同。进程拥有独立的地址空间、打开文件等资源，而线程则共享同一进程的地址空间和其他大部分资源。

1. **关键概念**：进程具有独立性更强且通信成本较高的特点；线程间的切换开销通常更低。
2. **步骤或原因**：进程之间通过操作系统提供的机制（如信号量、锁和条件变量）来协调访问共享资源，而同一进程内的多个线程则可以直接访问共享数据。因此，在多任务处理中，使用线程可以提高程序的响应性和效率。

依据来源：
- [片段1] 文件：operating_systems.md",operating_systems.md(0.8387); computer_networks.md(0.4500); database_systems.md(0.3453); operating_systems.md(0.3010),1,0.0,0.2879,139.5742,139.8622,
qwen2.5:7b-instruct-q4_K_M,9,操作系统,线程共享数据为什么还需要锁或信号量？,线程共享进程地址空间，多个线程并发访问共享数据可能产生竞态条件，因此需要同步机制。,operating_systems.md,1,"线程共享数据时需要使用锁或信号量来处理并发访问带来的竞态条件，以确保数据的一致性和正确性。

1. **关键概念**：在多线程环境中，多个线程可能同时访问同一块共享内存。如果不对这种访问进行控制，可能会导致数据不一致或其他错误。
2. **步骤或原因**：
   - 当一个线程修改共享数据时，其他线程也可能在同一时间尝试读取或写入这些数据。
   - 如果没有适当的同步机制（如锁或信号量），多个线程可能同时执行对同一数据的读写操作，导致数据被覆盖或者产生不正确的状态。
3. **依据来源**：参考资料中的【片段1】操作系统基础资料中提到“进程之间隔离性强，通信成本较高；线程共享数据方便，切换开销通常更低，但需要使用锁、信号量、条件变量等机制处理并发访问带来的竞态条件。”

依据来源：
- 片段编号：[片段1]
- 文件名：operating_systems.md",operating_systems.md(0.9301); ai_rag_notes.md(0.4610); computer_networks.md(0.4391); database_systems.md(0.4182),1,0.8857,0.3456,175.1087,175.4544,
qwen2.5:7b-instruct-q4_K_M,10,操作系统,时间片轮转调度为什么适合交互式系统？,时间片轮转为每个就绪进程分配固定时间片，提升公平性和响应性。,operating_systems.md,1,"时间片轮转调度算法通过为每个就绪进程分配固定的时间片来运行，当一个进程的时间片用完时，它会被暂时挂起并让其他进程有机会执行。这种机制使得交互式系统中的用户可以快速获得响应，因为他们的进程即使在较短的时间内也能得到执行机会。

### 关键概念、步骤或原因
1. **时间片分配**：每个就绪进程被分配一个固定的时间片。
2. **进程切换**：当时间片用完后，当前运行的进程会被挂起，并让下一个就绪进程运行。
3. **公平性提升**：由于所有进程都有机会在短时间内获得执行，因此系统对用户更加友好和响应迅速。

### 依据来源
- 片段1，文件名：operating_systems.md",operating_systems.md(0.7381); database_systems.md(0.4750); computer_networks.md(0.2844); ai_rag_notes.md(0.2726),1,1.0,0.3455,151.7294,152.075,
qwen2.5:7b-instruct-q4_K_M,11,操作系统,虚拟内存的作用是什么？,虚拟内存将进程地址空间与物理内存解耦，扩大可用地址空间、提供隔离并支持按需分页。,operating_systems.md,1,"虚拟内存的主要作用是把进程看到的地址空间与物理内存解耦。具体来说，它通过页表将虚拟页映射到物理页框，并可以将暂时不用的页面换出到磁盘。

- 关键概念：虚拟内存涉及虚拟页和物理页框。
- 步骤或原因：
  - 操作系统使用页表机制，将进程地址空间中的虚拟地址转换为实际存储在物理内存中的物理地址。
  - 当程序访问一个未映射到物理内存的虚拟地址时，会触发缺页中断。此时操作系统需要将该页面从磁盘调入内存，并更新页表条目。
  - 如果物理内存不足，系统可以将暂时不用的页面换出到磁盘上的交换区。

依据来源：[片段1] 文件：operating_systems.md",operating_systems.md(1.0000); computer_networks.md(0.5963); operating_systems.md(0.4730); computer_networks.md(0.2533),1,0.6765,0.2974,159.5211,159.8185,
qwen2.5:7b-instruct-q4_K_M,12,操作系统,缺页中断频繁会导致什么问题？,频繁缺页会使系统不断换入换出页面，导致抖动和性能下降。,operating_systems.md,1,"缺页中断频繁会导致系统抖动和性能下降。

### 关键概念与步骤：
- **虚拟内存机制**：操作系统通过页表将进程的虚拟地址空间映射到物理内存中的实际页面。当一个进程访问某个不在物理内存中的虚拟地址时，就会触发缺页中断。
- **缺页处理流程**：在缺页中断发生后，操作系统需要找到对应的页面并将其调入内存中。如果该页面位于磁盘上，则需要从磁盘读取数据到内存中。

### 问题影响：
1. **频繁的磁盘I/O操作**：每次缺页中断都需要进行一次磁盘访问以加载所需的数据，这会显著增加系统的磁盘I/O负载。
2. **系统性能下降**：由于频繁的磁盘I/O操作，CPU和内存带宽被大量占用，导致其他进程或任务等待的时间变长，从而整体系统性能降低。
3. **抖动现象**：当缺页中断过于频繁时，可能会出现一种称为“抖动”的现象。在这种情况下，操作系统不断在内存中进行页面的调入与调出操作，使得系统处于不稳定状态。

### 依据来源：
- 来源片段编号及文件名：[片段1] operating_systems.md",operating_systems.md(0.8419); computer_networks.md(0.4500); database_systems.md(0.3525); database_systems.md(0.2627),1,0.96,0.2922,160.8316,161.1239,
qwen2.5:7b-instruct-q4_K_M,13,操作系统,死锁产生的四个必要条件是什么？,四个必要条件是互斥、占有并等待、不可抢占和循环等待。,operating_systems.md,1,"死锁产生的四个必要条件是互斥、占有并等待、不可抢占和循环等待。

- 互斥：至少有一个资源不能被多个进程同时使用。这意味着当一个进程正在使用某个资源时，其他进程必须等待直到该进程释放资源。
- 占有并等待：一个进程已经占有了某些资源，并且还在申请新的资源，但这些新资源已经被其他进程占有，因此导致了死锁的发生。
- 不可抢占：已获得部分资源的进程不能被强制剥夺已经持有的资源。只有当该进程主动释放资源时，其他进程才能使用这些资源。
- 循环等待：存在一个进程集合，每个进程都在等待由下一个进程所占有的资源。

依据来源：
[片段1] 文件：operating_systems.md",operating_systems.md(0.7326); computer_networks.md(0.4500); computer_networks.md(0.3267); ai_rag_notes.md(0.2817),1,1.0,0.3137,150.9963,151.31,
qwen2.5:7b-instruct-q4_K_M,14,操作系统,银行家算法属于哪类死锁处理策略？,银行家算法属于死锁避免策略，会在资源分配前判断系统是否处于安全状态。,operating_systems.md,1,"银行家算法属于死锁避免的策略。

### 关键概念与步骤：
- **互斥条件**：资源分配时只能一次一个进程使用。
- **请求和保持条件**：进程在已经获得某些资源的情况下可以申请新的资源，但不能超过其最大需求量。
- **不剥夺条件**：已分配给进程的资源不能被其他进程强行剥夺。
- **循环等待条件**：存在一组进程，每个进程都在等待由下一个进程持有的至少一个资源。

银行家算法通过在资源分配前判断系统是否仍处于安全状态来避免死锁。具体步骤包括：
1. 初始化所有进程和资源的状态。
2. 当有新的请求时，首先检查当前的可用资源是否足够满足该请求。
3. 如果不够，则进一步检查是否存在一种资源分配方案使得所有进程都能完成，即进入安全状态。
4. 若存在这样的方案，则进行资源分配；否则拒绝该请求。

### 依据来源：
- 引用片段编号：[片段1]
- 文件名：operating_systems.md",operating_systems.md(0.7262); database_systems.md(0.4500); operating_systems.md(0.3907); database_systems.md(0.3358),1,0.9697,0.2892,172.4789,172.7682,
qwen2.5:7b-instruct-q4_K_M,15,操作系统,日志文件系统为什么能提高崩溃恢复能力？,日志文件系统先记录元数据操作日志，再修改结构，崩溃后可根据日志恢复一致性。,operating_systems.md,1,"日志文件系统通过记录元数据操作日志再修改文件系统结构的方式，在系统崩溃后能够恢复一致性。这主要是因为当系统正常运行时，所有对文件系统的更改首先被写入日志中，然后再实际应用到磁盘上。这样即使在突然断电或程序异常退出等情况下导致未完成的更改没有保存到磁盘，通过回放日志中的操作可以恢复文件系统的状态。

### 关键概念、步骤或原因
1. **元数据操作日志记录**：系统执行对文件系统的任何修改之前，这些操作会被先写入日志。
2. **实际修改延迟**：虽然日志中已经记录了更改，但这些更改并不会立即应用到磁盘上。这样可以确保日志中的信息是最新的。
3. **崩溃后的恢复**：当系统发生意外停止时，可以从日志中回放未完成的操作来恢复文件系统的状态。

### 依据来源
- 参考资料来源：[片段1] 文件：operating_systems.md",operating_systems.md(0.5998); ai_rag_notes.md(0.4698); ai_rag_notes.md(0.4524); database_systems.md(0.4300),1,0.9677,0.333,180.7985,181.1316,
qwen2.5:7b-instruct-q4_K_M,16,数据库,关系数据库中的主键和外键分别有什么作用？,主键唯一标识表中记录，外键表达表之间的引用关系。,database_systems.md,1,"主键用于唯一标识关系数据库表中的记录，而外键则用于表达不同表之间的引用关系。

- 关键概念：主键是表中的一列或多列组合，确保每一行数据的唯一性。外键则是用来建立两个表之间关联的数据项，通常在从属表中引用主表的主键。
- 步骤或原因：当插入新记录时，主键确保不会出现重复的记录；当更新或删除记录时，主键保证了数据的一致性和完整性。外键则定义了不同表之间的关系，如一对多、多对一或多对多的关系，并且可以用来维护参照完整性的约束。

依据来源：[片段1] 文件：database_systems.md",database_systems.md(0.9753); database_systems.md(0.5805); ai_rag_notes.md(0.4442); computer_networks.md(0.3185),1,1.0,0.3372,122.2832,122.6204,
qwen2.5:7b-instruct-q4_K_M,17,数据库,数据库规范化的目的是什么？,规范化用于减少数据冗余和更新异常，提高数据一致性。,database_systems.md,1,"数据库规范化的主要目的是减少数据冗余和更新异常，从而提高数据的一致性和完整性。

- 关键概念：第一范式要求属性不可再分；第二范式要求非主属性完全依赖候选键；第三范式要求非主属性不传递依赖候选键。
- 步骤或原因：通过逐步将关系模式分解为多个更简单的表，确保每个表中的数据都满足一定级别的规范化标准。这样可以避免插入异常、删除异常和更新异常等问题。

依据来源：
- 片段1，文件名：database_systems.md",database_systems.md(0.7052); ai_rag_notes.md(0.4500); computer_networks.md(0.4121); computer_networks.md(0.2776),1,0.913,0.2931,119.0861,119.3793,
qwen2.5:7b-instruct-q4_K_M,18,数据库,第三范式主要约束什么问题？,第三范式要求非主属性不传递依赖候选键，以减少传递依赖带来的异常。,database_systems.md,1,"第三范式主要约束非主属性对候选键的传递依赖。

- 关键概念：第三范式要求在关系模型中，非主属性直接依赖于候选键，而不应该存在非主属性对候选键的传递依赖。这意味着每个非主属性都必须完全函数依赖于候选键。
- 步骤或原因：通过确保非主属性直接依赖于候选键，可以进一步减少数据冗余和更新异常，提高数据库的一致性和规范化程度。

依据来源：
[片段1] 文件：database_systems.md",database_systems.md(1.0000); ai_rag_notes.md(0.3849); ai_rag_notes.md(0.3571); ai_rag_notes.md(0.3394),1,0.9643,0.302,131.0946,131.3966,
qwen2.5:7b-instruct-q4_K_M,19,数据库,B+ 树索引为什么适合范围查询？,B+ 树叶子节点按键值有序并通过链表相连，便于顺序扫描范围数据。,database_systems.md,1,"B+树索引适合范围查询的原因在于其结构特点：叶子节点按键值有序，并通过链表相连。这种结构使得可以高效地进行区间搜索。

1. **关键概念**：B+树是一种多路平衡查找树，特别适用于磁盘存储环境。它将数据分散在多个节点上，减少了单次I/O操作的数据量。
2. **步骤或原因**：
   - **有序性**：B+树的叶子节点按键值顺序排列，这使得范围查询时可以快速定位到起始位置。
   - **链表连接**：B+树的叶子节点通过指针形成一个链表结构。这意味着从一个节点开始，可以通过这些链接高效地遍历所有满足条件的记录。

依据来源：
- 片段1（文件：database_systems.md）",database_systems.md(1.0000); computer_networks.md(0.2817); ai_rag_notes.md(0.2616); computer_networks.md(0.2576),1,0.0,0.3019,101.0874,101.3893,
qwen2.5:7b-instruct-q4_K_M,20,数据库,索引会带来哪些代价？,索引会占用额外存储空间，并增加插入、删除、更新时维护索引的开销。,database_systems.md,1,"索引能提高读取性能，但会占用额外存储空间，并增加插入、删除和更新时维护索引的开销。

- 索引占用额外存储空间：为了构建索引结构（如B+树或哈希表），需要为每个索引项分配一定的存储资源。
- 插入、删除和更新操作会增加维护索引的成本：当数据发生变化时，例如插入新记录、删除旧记录或修改现有记录，相应的索引也需要被调整以保持其有效性。

依据来源：
- 片段1 来自文件 database_systems.md",database_systems.md(0.8258); database_systems.md(0.5085); computer_networks.md(0.4192); operating_systems.md(0.3473),1,1.0,0.3109,133.011,133.322,
qwen2.5:7b-instruct-q4_K_M,21,数据库,事务 ACID 分别表示什么？,ACID 表示原子性、一致性、隔离性和持久性。,database_systems.md,1,"事务的ACID特性分别代表原子性（Atomicity）、一致性（Consistency）、隔离性（Isolation）和持久性（Durability）。这些特性确保了数据库操作的安全性和正确性。

- 原子性：保证事务中的所有操作要么全部成功，要么全部失败。
- 一致性：确保事务执行前后数据库的状态满足完整性约束条件。
- 隔离性：控制并发事务之间的可见性，防止一个事务的操作被其他未提交的事务所干扰。
- 持久性：确保一旦事务提交，其结果将永久保存在存储介质中，即使系统出现故障也不会丢失。

依据来源：
- 片段1，文件名：database_systems.md",database_systems.md(0.7577); database_systems.md(0.7326); computer_networks.md(0.4740); ai_rag_notes.md(0.2581),1,0.0,0.2906,137.1627,137.4533,
qwen2.5:7b-instruct-q4_K_M,22,数据库,MVCC 如何减少读写冲突？,MVCC 保存数据多个版本，让读操作读取一致性快照，从而减少读写冲突。,database_systems.md,1,"MVCC 通过保存数据的多个版本来减少读写冲突。具体来说：
- **关键概念**：MVCC（多版本并发控制）允许事务在不锁定数据的情况下读取旧版本的数据，从而避免了因读操作而引起的锁等待；
- **步骤或原因**1：当一个事务需要读取某个数据项时，它会查看该数据的最新版本。如果当前没有写入操作正在进行，则可以直接读取最新的版本。
- **步骤或原因**2：若存在未提交的写操作，则MVCC会提供多个历史版本的数据给读操作使用，确保读操作看到的是一个一致性快照；
- **步骤或原因**3：当事务需要更新某个数据项时，它会在当前数据库中创建一个新的版本，并标记旧版本为已删除状态。

依据来源：
- 片段编号2，文件名：computer_networks.md",database_systems.md(0.5500); computer_networks.md(0.4683); ai_rag_notes.md(0.4276); ai_rag_notes.md(0.3620),1,0.5,0.2938,117.559,117.8528,
qwen2.5:7b-instruct-q4_K_M,23,人工智能,Transformer 为什么不依赖循环结构也能建模序列关系？,Transformer 通过自注意力计算序列中不同位置之间的关联，并使用位置编码补充词序信息。,ai_rag_notes.md,1,"Transformer 不依赖循环结构也能建模序列关系，因为它通过自注意力机制计算序列中不同位置之间的关联。

- 关键概念：Transformer 采用自注意力机制（Self-Attention），允许模型在处理当前词时同时考虑整个序列中的其他所有词。这与传统的循环神经网络（RNN）不同，后者需要按顺序处理序列中的每个元素。
- 步骤或原因：具体来说，在 Transformer 中，自注意力机制通过计算查询、键和值之间的相似度来实现。这些操作可以在并行中进行，从而避免了 RNN 需要的循环结构。位置编码被用来补充词序信息，确保模型能够理解序列中的顺序关系。
- 依据来源：[片段1] 文件：ai_rag_notes.md",ai_rag_notes.md(0.8072); ai_rag_notes.md(0.4500); computer_networks.md(0.4477); computer_networks.md(0.3329),1,0.5,0.3308,126.6157,126.9466,
qwen2.5:7b-instruct-q4_K_M,24,人工智能,多头注意力的作用是什么？,多头注意力可以在多个表示子空间中学习不同关系，增强模型表达能力。,ai_rag_notes.md,1,"多头注意力机制可以在多个表示子空间中学习不同关系，从而增强模型对输入序列内部依赖性的建模能力。

- 关键概念：多头注意力机制是Transformer架构中的一个核心组件，它通过并行计算多个独立的“注意力头”来处理输入序列的不同方面。
- 步骤或原因：每个注意力头关注输入序列的不同特征，并生成相应的注意力分数。这些分数用于加权输入向量，形成新的表示。最后将所有注意力头的结果进行拼接和线性变换，得到最终的多头注意力输出。

依据来源：
[片段1] 文件：ai_rag_notes.md",ai_rag_notes.md(1.0000); computer_networks.md(0.3289); database_systems.md(0.2337); computer_networks.md(0.2334),1,0.9655,0.3137,140.8594,141.1731,
qwen2.5:7b-instruct-q4_K_M,25,RAG,Ollama 本地部署在课程设计中有什么优势？,本地部署使专业文档无需上传第三方服务，便于保护隐私和复现实验环境。,ai_rag_notes.md,1,"Ollama 本地部署在课程设计中的优势在于保护专业文档隐私并方便复现实验环境。

1. **保护专业文档隐私**：通过本地部署大语言模型，数据不需要上传到第三方服务，可以有效防止敏感信息泄露。这不仅符合安全合规要求，还能确保实验过程中使用的数据不被外部访问或滥用。
2. **方便复现实验环境**：使用 Ollama 可以轻松地在本地管理和运行大语言模型，通过 `ollama pull` 拉取所需模型，并利用 `ollama run` 进行交互式推理。此外，还可以通过本地 HTTP API 调用模型，这使得实验设置更加灵活且易于重复。

依据来源：[片段1] 文件：ai_rag_notes.md",ai_rag_notes.md(0.7368); computer_networks.md(0.4644); operating_systems.md(0.2296); computer_networks.md(0.1735),1,0.9697,0.326,146.9116,147.2376,
qwen2.5:7b-instruct-q4_K_M,26,RAG,Embedding 在 RAG 中承担什么任务？,Embedding 把文本映射为高维向量，使系统能用余弦相似度进行语义检索。,ai_rag_notes.md,1,"Embedding 在 RAG 系统中用于将文本转换为高维向量形式，以便在向量空间中进行语义相似度的比较。具体来说，RAG 系统首先会将文档切分成多个片段，并对每个片段生成相应的向量表示；然后，在用户提问时，系统也会将问题转化为向量形式；最后通过计算问题向量与各个片段向量之间的余弦相似度来检索最相关的片段作为上下文提供给生成模型。

- 关键概念：Embedding 模型
- 步骤或原因：
  - 文档切分：文档被分割成多个片段。
  - 向量化：每个片段和问题都转换为向量表示。
  - 相似度计算：通过余弦相似度来确定最相关的片段。

依据来源：
[片段2] 文件：ai_rag_notes.md",ai_rag_notes.md(0.6661); ai_rag_notes.md(0.6476); computer_networks.md(0.4500); ai_rag_notes.md(0.3325),1,0.5,0.2944,124.0881,124.3826,
qwen2.5:7b-instruct-q4_K_M,27,RAG,RAG 的基本流程是什么？,RAG 流程包括文档解析、文本切分、向量化入库、问题向量化、相似度检索、Prompt 拼接和答案生成。,ai_rag_notes.md,1,"RAG（Retrieval-Augmented Generation）的基本流程包括文档解析、文本切分、向量化入库、问题向量化、相似度检索、Prompt 拼接和答案生成。

1. 文档解析：将外部知识库中的文档进行结构化处理，提取出相关信息。
2. 文本切分：将解析后的文档内容拆分成多个片段，便于后续的嵌入式表示。
3. 向量化入库：为每个文本片段生成向量表示，并存储在数据库中。
4. 问题向量化：将用户提问转化为向量形式，以便与文档片段进行比较。
5. 相似度检索：使用余弦相似度等方法，在向量空间中找到最相关的文档片段作为上下文。
6. Prompt 拼接：结合检索到的上下文信息和原始问题，构造合适的提示词（Prompt）以指导生成模型。
7. 答案生成：利用大语言模型根据拼接后的提示词生成最终答案。

依据来源：
- [片段1] 文件：ai_rag_notes.md",ai_rag_notes.md(1.0000); ai_rag_notes.md(0.5908); operating_systems.md(0.4506); computer_networks.md(0.3852),1,0.3333,0.2989,156.967,157.2659,
qwen2.5:7b-instruct-q4_K_M,28,RAG,RAG 可以缓解大模型的哪些问题？,RAG 可以缓解知识过时、专业知识不足和幻觉问题。,ai_rag_notes.md,1,"RAG（Retrieval-Augmented Generation）系统可以缓解大模型的知识过时、专业知识不足和幻觉等问题。

1. **知识过时**：通过检索外部知识库，确保回答基于最新的信息；
2. **专业知识不足**：利用预训练模型之外的专业文档作为补充，提高特定领域的准确性；
3. **幻觉问题**：当检索到的片段中没有明确答案时，模型会拒绝编造并说明知识库没有找到明确答案。

依据来源：
- [片段1] 文件：ai_rag_notes.md",ai_rag_notes.md(0.8035); ai_rag_notes.md(0.5390); computer_networks.md(0.4696); operating_systems.md(0.3605),1,0.0,0.2788,142.579,142.8578,
qwen2.5:7b-instruct-q4_K_M,29,RAG,专业文档问答的 Prompt 为什么要要求拒绝编造？,因为检索片段可能没有答案，拒绝编造可以降低幻觉并提升答案可信度。,ai_rag_notes.md,1,"专业文档问答的Prompt要求拒绝编造是因为在专业领域中，信息的真实性和准确性至关重要。如果模型编造答案，可能会导致误导用户，特别是在涉及法律、医疗等敏感领域的问答场景中。

1. **关键概念**：专业文档问答系统旨在提供准确无误的信息，以满足用户的特定需求。
2. **步骤或原因**：
   - **确保信息的准确性**：在专业领域内，任何错误的信息都可能带来严重的后果。因此，模型必须严格依据现有资料进行回答。
   - **避免误导用户**：编造的答案可能会导致用户做出错误决策，特别是在涉及法律、医疗等重要领域的问答场景中。
3. **原因**：
   - **提升可追溯性**：当模型拒绝编造答案时，可以明确指出知识库没有找到明确答案，这有助于提高系统的透明度和可信度。

依据来源：[片段1] 文件：ai_rag_notes.md",ai_rag_notes.md(0.9350); ai_rag_notes.md(0.7945); database_systems.md(0.2479); ai_rag_notes.md(0.2053),1,0.75,0.3591,151.2196,151.5788,
qwen2.5:7b-instruct-q4_K_M,30,RAG,影响 RAG 最终效果的关键因素有哪些？,检索质量、文档切分策略和提示词约束会直接影响最终问答效果。,ai_rag_notes.md,1,"影响RAG最终效果的关键因素包括检索质量、切分策略和提示词约束。

- 检索质量：高质量的检索能够更准确地找到与用户问题相关的文档片段。这依赖于向量化技术和相似度计算的有效性。
- 切分策略：合理的文档切分可以确保每个片段包含足够的信息，同时减少冗余信息，提高检索效率和生成答案的质量。
- 提示词约束：明确的提示词能够指导模型依据资料回答问题，避免编造答案，并且可以通过引用来源、分点解释等方式提升答案的可追溯性。

依据来源：
1. [片段1] 文件：ai_rag_notes.md
2. [片段2] 文件：ai_rag_notes.md",ai_rag_notes.md(0.6978); ai_rag_notes.md(0.4500); ai_rag_notes.md(0.4044); computer_networks.md(0.3246),1,0.8966,0.3216,122.2941,122.6157,
