retrieval_mode,model,top_k,id,category,question,reference_answer,expected_source,success,answer,top_sources,retrieval_hit,reference_overlap,retrieve_time,generate_time,total_time,error
vector,qwen2.5:7b-instruct-q4_K_M,4,1,网络,计算机网络采用分层体系结构的主要意义是什么？,分层可以降低复杂度，使每层只关注本层职责并通过接口向上层提供服务，便于协议替换和故障定位。,computer_networks.md,1,"计算机网络采用分层体系结构的主要意义在于通过将复杂的功能分解为多个层次来降低系统设计的复杂度。每一层只关注本层职责，并通过接口向上层提供服务。

- 关键概念：分层体系结构将复杂的网络功能划分为若干个独立的层级，每个层级专注于特定的任务。
- 步骤或原因：
  - 方便协议替换：当某一层发生变化时，只要该层内部的协议进行调整即可，不会影响其他层的协议和应用。
  - 定位网络故障：通过分层可以更容易地定位问题所在，因为每一层都有明确的功能边界。

依据来源：[片段1] 文件：computer_networks.md",computer_networks.md(0.7074); database_systems.md(0.6575); ai_rag_notes.md(0.6567); operating_systems.md(0.6443),1,0.9756,0.8901,160.7829,161.673,
vector,qwen2.5:7b-instruct-q4_K_M,4,2,网络,OSI 参考模型包含哪些层？,OSI 参考模型包含物理层、数据链路层、网络层、传输层、会话层、表示层和应用层。,computer_networks.md,1,"知识库中没有找到明确答案。

依据来源：
- 片段1：arxiv_020_2605.22765v1.md
- 片段2：arxiv_006_2605.22800v1.md
- 片段3：arxiv_014_2605.22776v1.md
- 片段4：arxiv_010_2605.22786v1.md",arxiv_020_2605.22765v1.md(0.7186); arxiv_006_2605.22800v1.md(0.7142); arxiv_014_2605.22776v1.md(0.7103); arxiv_010_2605.22786v1.md(0.7079),0,0.0,0.4963,105.5431,106.0395,
vector,qwen2.5:7b-instruct-q4_K_M,4,3,网络,TCP 为什么适合文件传输和网页访问？,TCP 面向连接并提供可靠传输，使用确认、重传、流量控制和拥塞控制保证数据可靠到达。,computer_networks.md,1,"知识库中没有找到明确答案。

依据来源：
[片段1] 文件：ai_rag_notes.md
[片段2] 文件：ai_rag_notes.md
[片段3] 文件：database_systems.md
[片段4] 文件：operating_systems.md",ai_rag_notes.md(0.7085); ai_rag_notes.md(0.6642); database_systems.md(0.6552); operating_systems.md(0.6175),0,0.0,0.4198,114.1526,114.5725,
vector,qwen2.5:7b-instruct-q4_K_M,4,4,网络,UDP 的特点和典型应用场景是什么？,UDP 无连接、开销小、时延低，不保证可靠交付，常用于 DNS、实时音视频和在线游戏。,computer_networks.md,1,"知识库中没有找到明确答案。

依据来源：
- 片段1：computer_networks.md
- 片段2：database_systems.md
- 片段3：ai_rag_notes.md
- 片段4：operating_systems.md

这些片段主要讨论了DNS解析、关系模型与规范化、虚拟内存和死锁处理以及文件系统，但没有涉及UDP的相关信息。",computer_networks.md(0.7224); database_systems.md(0.6854); ai_rag_notes.md(0.6740); operating_systems.md(0.6620),1,0.0,0.4073,106.5253,106.9327,
vector,qwen2.5:7b-instruct-q4_K_M,4,5,网络,CIDR 中 192.168.1.0/24 表示什么？,它表示前 24 位是网络前缀，对应 192.168.1.0 这个网络范围。,computer_networks.md,1,"CIDR 中 192.168.1.0/24 表示前 24 位是网络前缀。

- 关键概念：CIDR（无类别域间路由）使用“地址/前缀长度”的方式表示网络范围，其中的“/”后面的部分即为前缀长度。
- 步骤或原因：在 IP 地址 192.168.1.0 中，“/24”表示该地址的前 24 位用于标识网络部分，剩余的 8 位用于标识主机部分。因此，这个 CIDR 表示的是一个以 192.168.1.0 开头、包含 256（即 \(2^8\)）个 IP 地址的子网。

依据来源：
- 片段1：文件 computer_networks.md",computer_networks.md(0.7056); database_systems.md(0.5628); computer_networks.md(0.5620); arxiv_014_2605.22776v1.md(0.5542),1,0.4,0.3979,141.0473,141.4452,
vector,qwen2.5:7b-instruct-q4_K_M,4,6,网络,HTTPS 相比 HTTP 增加了哪些安全能力？,HTTPS 在 HTTP 与 TCP 之间加入 TLS，提供身份认证、数据加密和完整性校验。,computer_networks.md,1,"知识库中没有找到明确答案。

依据来源：
[片段1] 文件：ai_rag_notes.md
[片段2] 文件：database_systems.md
[片段3] 文件：database_systems.md
[片段4] 文件：ai_rag_notes.md",ai_rag_notes.md(0.6438); database_systems.md(0.6183); database_systems.md(0.6158); ai_rag_notes.md(0.5966),0,0.0,0.4772,105.7981,106.2753,
vector,qwen2.5:7b-instruct-q4_K_M,4,7,网络,DNS 缓存有什么作用？,DNS 缓存可以减少重复查询并提高访问速度，但缓存过期时间会影响域名变更生效速度。,computer_networks.md,1,"知识库中没有找到明确答案。

由于参考资料主要涉及弹性力学、机器学习等领域的内容，并未提及DNS缓存的相关信息。因此无法根据提供的资料直接回答DNS缓存的作用。",arxiv_002_2605.22820v1.md(0.6095); ai_rag_notes.md(0.6054); arxiv_006_2605.22800v1.md(0.6038); arxiv_016_2605.22774v1.md(0.6022),0,0.0,0.3805,76.6324,77.013,
vector,qwen2.5:7b-instruct-q4_K_M,4,8,操作系统,进程和线程的核心区别是什么？,进程是资源分配和保护的基本单位，线程是 CPU 调度的基本单位；同一进程内线程共享地址空间和资源。,operating_systems.md,1,"进程和线程的主要区别在于它们是操作系统进行资源管理和调度的基本单位。进程拥有独立的地址空间、打开文件等资源，而线程则是CPU调度的基本单位，同一进程内的多个线程共享进程地址空间和大部分资源。

1. **关键概念**：进程是操作系统分配资源的基本单元，具有独立性；线程是进程内执行任务的最小单位。
2. **步骤或原因**：
   - 进程隔离性强，通信成本较高。每个进程拥有独立的地址空间、打开文件等资源，因此在创建和销毁时需要更多的系统开销。
   - 线程共享数据方便，切换开销通常更低。同一进程内的多个线程共享进程地址空间和大部分资源，这使得它们之间的通信更加高效快捷。

依据来源：[片段3] 文件：operating_systems.md",computer_networks.md(0.6530); database_systems.md(0.6279); operating_systems.md(0.6143); ai_rag_notes.md(0.6106),1,0.0,0.41,134.3627,134.7727,
vector,qwen2.5:7b-instruct-q4_K_M,4,9,操作系统,线程共享数据为什么还需要锁或信号量？,线程共享进程地址空间，多个线程并发访问共享数据可能产生竞态条件，因此需要同步机制。,operating_systems.md,1,"线程共享数据时需要使用锁或信号量来处理并发访问带来的竞态条件。

1. **关键概念**：在多线程环境中，多个线程可能同时访问同一个共享资源（如变量、对象等），这可能导致数据不一致或其他错误。为了解决这个问题，就需要一种机制来控制对共享资源的访问。
2. **步骤或原因**：
   - **锁机制**：当一个线程需要访问某个共享资源时，它会先尝试获取该资源的锁。如果锁未被其他线程占用，则当前线程可以独占地访问该资源；否则，线程会被阻塞直到锁可用。
   - **信号量机制**：信号量是一种更灵活的同步工具，它可以用来控制多个共享资源的并发访问数量。例如，一个信号量初始值为1时，相当于一个简单的互斥锁；如果初始值大于1，则可以允许多个线程同时访问资源。

3. **依据来源**：
   - [片段3] 文件：operating_systems.md",ai_rag_notes.md(0.6231); computer_networks.md(0.6158); operating_systems.md(0.6099); computer_networks.md(0.6089),1,0.8,0.4367,154.1676,154.6044,
vector,qwen2.5:7b-instruct-q4_K_M,4,10,操作系统,时间片轮转调度为什么适合交互式系统？,时间片轮转为每个就绪进程分配固定时间片，提升公平性和响应性。,operating_systems.md,1,"时间片轮转调度算法适合交互式系统，因为它能够确保每个进程都有机会在有限的时间内运行，并且可以及时响应用户的输入。

- 关键概念：时间片轮转调度是一种进程调度策略，在该策略下，CPU 时间被划分为固定长度的时间片。当一个进程占用 CPU 时，如果其执行时间超过预定的时间片，则会被强制切换到就绪队列中，下一个进程获得 CPU 的使用权。
- 步骤或原因：在交互式系统中，用户通常需要快速响应和及时的反馈。时间片轮转调度通过定期切换进程，确保了每个进程都能得到一定的运行时间，从而保证了系统的实时性和交互性；此外，当某个进程处于等待状态（如等待输入）时，可以立即让其他进程获得 CPU 的使用权，提高了系统的整体响应速度。
- 依据来源：知识库中没有找到明确答案。",database_systems.md(0.6439); computer_networks.md(0.5917); ai_rag_notes.md(0.5912); arxiv_006_2605.22800v1.md(0.5838),0,0.8462,0.4344,132.4061,132.8407,
vector,qwen2.5:7b-instruct-q4_K_M,4,11,操作系统,虚拟内存的作用是什么？,虚拟内存将进程地址空间与物理内存解耦，扩大可用地址空间、提供隔离并支持按需分页。,operating_systems.md,1,"虚拟内存的主要作用是把进程看到的地址空间与物理内存解耦。操作系统通过页表将虚拟页映射到物理页框，并可以将暂时不用的页面换出到磁盘。

- **关键概念**：虚拟内存利用了页表机制，允许程序使用比实际物理内存更大的地址空间。
- **步骤或原因**：当进程访问一个不在物理内存中的虚拟地址时，会产生缺页中断。此时操作系统会查找并加载相应的物理页到内存中，并更新页表条目。

依据来源：
- 片段1，文件名：operating_systems.md",operating_systems.md(0.6712); computer_networks.md(0.6700); computer_networks.md(0.5899); arxiv_016_2605.22774v1.md(0.5877),1,0.6765,0.3784,125.7026,126.0811,
vector,qwen2.5:7b-instruct-q4_K_M,4,12,操作系统,缺页中断频繁会导致什么问题？,频繁缺页会使系统不断换入换出页面，导致抖动和性能下降。,operating_systems.md,1,"缺页中断频繁会导致系统抖动和性能下降。

### 关键概念与步骤：
- **虚拟内存**：操作系统通过页表将进程的虚拟地址空间映射到物理内存中的实际页面。当程序访问一个不在当前内存中的页面时，就会触发缺页中断。
- **页面调入**：在缺页中断发生后，操作系统需要从磁盘中加载所需的页面到内存中。
- **频繁缺页**：如果系统中存在大量的未命中情况，即频繁地发生缺页中断，这会导致频繁的页面调入操作。

### 原因：
1. **系统资源不足**：物理内存不足以容纳所有当前运行进程的工作集，导致需要频繁从磁盘加载数据。
2. **页面置换算法选择不当**：某些页面置换算法可能不适合特定的应用场景，导致频繁的缺页中断。
3. **程序行为特性**：一些程序具有高局部性或不合理的访问模式，使得内存中经常出现未命中。

### 依据来源：
- 片段3，文件名：operating_systems.md",computer_networks.md(0.6431); database_systems.md(0.6256); operating_systems.md(0.6148); database_systems.md(0.6096),1,1.0,0.3926,150.9882,151.3809,
vector,qwen2.5:7b-instruct-q4_K_M,4,13,操作系统,死锁产生的四个必要条件是什么？,四个必要条件是互斥、占有并等待、不可抢占和循环等待。,operating_systems.md,1,"知识库中没有找到明确答案。

依据来源：
[片段1] 文件：computer_networks.md
[片段2] 文件：computer_networks.md
[片段3] 文件：ai_rag_notes.md
[片段4] 文件：arxiv_002_2605.22820v1.md",computer_networks.md(0.6082); computer_networks.md(0.5756); ai_rag_notes.md(0.5637); arxiv_002_2605.22820v1.md(0.5515),0,0.1364,0.3935,109.1913,109.5848,
vector,qwen2.5:7b-instruct-q4_K_M,4,14,操作系统,银行家算法属于哪类死锁处理策略？,银行家算法属于死锁避免策略，会在资源分配前判断系统是否处于安全状态。,operating_systems.md,1,"知识库中没有找到明确答案。

依据来源：
[片段1] 文件：database_systems.md
[片段2] 文件：operating_systems.md
[片段3] 文件：database_systems.md
[片段4] 文件：computer_networks.md",database_systems.md(0.6832); operating_systems.md(0.6637); database_systems.md(0.6625); computer_networks.md(0.6548),1,0.0606,0.4039,129.9239,130.3279,
vector,qwen2.5:7b-instruct-q4_K_M,4,15,操作系统,日志文件系统为什么能提高崩溃恢复能力？,日志文件系统先记录元数据操作日志，再修改结构，崩溃后可根据日志恢复一致性。,operating_systems.md,1,"知识库中没有找到明确答案。

[片段1] 和 [片段4] 主要讨论了 RAG 技术和 Prompt 约束，并未涉及日志文件系统及其崩溃恢复能力的相关内容。[片段2] 和 [片段3] 则分别介绍了 Embedding 与语义检索以及数据库系统的相关知识，同样没有提及日志文件系统的内容。

因此，依据现有资料无法直接回答该问题。",ai_rag_notes.md(0.6795); ai_rag_notes.md(0.6781); database_systems.md(0.6503); ai_rag_notes.md(0.6355),0,0.4516,0.4132,118.9903,119.4036,
vector,qwen2.5:7b-instruct-q4_K_M,4,16,数据库,关系数据库中的主键和外键分别有什么作用？,主键唯一标识表中记录，外键表达表之间的引用关系。,database_systems.md,1,"主键用于唯一标识关系数据库表中的记录；外键则用于表达不同表之间的引用关系。

- 关键概念：主键是关系模型中用来唯一标识表中每一行数据的字段或字段组合。它确保了每条记录都是唯一的，避免重复项。
- 步骤或原因：当定义一个主键时，数据库会自动创建一个索引以提高查询效率。同时，主键不允许为空值和重复值。
- 关键概念：外键是用于在关系数据库中建立表之间关联的字段。它引用另一个表中的主键，从而确保数据的一致性。
- 步骤或原因：当使用外键时，如果被引用的主键发生变化（如更新、删除），则需要相应地更新或删除当前表中的记录。

依据来源：
- 片段3，文件名：database_systems.md",database_systems.md(0.6541); ai_rag_notes.md(0.6532); database_systems.md(0.6504); computer_networks.md(0.6316),1,1.0,0.5252,121.1723,121.6976,
vector,qwen2.5:7b-instruct-q4_K_M,4,17,数据库,数据库规范化的目的是什么？,规范化用于减少数据冗余和更新异常，提高数据一致性。,database_systems.md,1,"知识库中没有找到明确答案。

根据提供的参考资料，这些内容主要涉及计算机网络的基础知识（如TCP/IP模型、DNS解析等）以及AI相关的技术（如Embedding与语义检索、RAG流程等），并未提及数据库规范化的目的。因此无法依据现有资料直接回答该问题。",ai_rag_notes.md(0.6632); computer_networks.md(0.6546); computer_networks.md(0.6224); ai_rag_notes.md(0.6217),0,0.3478,0.3919,101.2609,101.6528,
vector,qwen2.5:7b-instruct-q4_K_M,4,18,数据库,第三范式主要约束什么问题？,第三范式要求非主属性不传递依赖候选键，以减少传递依赖带来的异常。,database_systems.md,1,"第三范式主要约束非主属性不传递依赖候选键的问题。

- 关键概念：在数据库设计中，第三范式（3NF）要求关系中的每个非主属性都完全依赖于整个主键，而非部分主键。这意味着非主属性不能通过其他非主属性间接依赖于主键。
- 步骤或原因：遵循第三范式的目的是减少数据冗余和更新异常，提高数据库的一致性和效率。如果存在传递依赖关系，则可能导致数据不一致的问题。

依据来源：
[片段1] 文件：database_systems.md",database_systems.md(0.5738); arxiv_002_2605.22820v1.md(0.5515); computer_networks.md(0.5450); arxiv_011_2605.22785v1.md(0.5423),1,0.9286,0.4254,111.8001,112.2256,
vector,qwen2.5:7b-instruct-q4_K_M,4,19,数据库,B+ 树索引为什么适合范围查询？,B+ 树叶子节点按键值有序并通过链表相连，便于顺序扫描范围数据。,database_systems.md,1,"B+树索引适合范围查询的原因在于其结构特点：叶子节点按键值有序，并通过链表相连。这种特性使得在进行范围查询时可以高效地遍历相关记录。

### 关键概念与步骤：
1. **有序性**：B+树的叶子节点按关键字排序，这保证了当执行范围查询时，可以从一个节点平滑过渡到下一个节点。
2. **链表连接**：每个叶子节点之间通过指针相连，形成一个连续的链表。这意味着从一个节点到相邻节点的跳转非常高效。

### 依据来源：
- 来源：参考资料[片段1]文件《database_systems.md》
- 片段编号：片段1",database_systems.md(0.6389); computer_networks.md(0.5845); arxiv_006_2605.22800v1.md(0.5829); ai_rag_notes.md(0.5829),1,0.0,0.4184,122.7746,123.193,
vector,qwen2.5:7b-instruct-q4_K_M,4,20,数据库,索引会带来哪些代价？,索引会占用额外存储空间，并增加插入、删除、更新时维护索引的开销。,database_systems.md,1,"索引虽然可以提高查询效率，但也会带来额外的存储空间占用以及在插入、删除和更新时维护索引的开销。

- 关键概念：索引是数据库中用于加速数据访问的数据结构。它通过为表中的列创建一个单独的有序文件来实现快速查找。
- 步骤或原因：
  - 存储空间占用：为了构建索引，需要额外的空间来存储索引本身及其相关的元数据信息。
  - 维护开销：在进行插入、删除和更新操作时，必须相应地维护索引结构。这会增加处理这些操作的时间成本。

依据来源：
- 引用片段编号及文件名：[片段1] database_systems.md",database_systems.md(0.6036); arxiv_002_2605.22820v1.md(0.5984); computer_networks.md(0.5979); operating_systems.md(0.5846),1,0.9655,0.3932,120.0161,120.4094,
vector,qwen2.5:7b-instruct-q4_K_M,4,21,数据库,事务 ACID 分别表示什么？,ACID 表示原子性、一致性、隔离性和持久性。,database_systems.md,1,"事务的ACID特性分别代表原子性（Atomicity）、一致性（Consistency）、隔离性（Isolation）和持久性（Durability）。这四个属性确保了数据库操作的安全性和正确性。

- **原子性**：保证事务中的所有操作要么全部成功，要么全部失败。如果一个事务的一部分未成功完成，则整个事务都不会被提交。
- **一致性**：在事务执行前后，数据库的状态必须保持一致。这意味着任何事务都必须将数据库从一种有效状态转变为另一种有效状态。
- **隔离性**：确保并发执行的多个事务不会相互干扰。通过不同的隔离级别（如读未提交、读已提交等），可以控制事务之间的可见性和影响程度。
- **持久性**：一旦事务被提交，其结果就是永久性的。即使系统发生故障，这些更改也不会丢失。

以上定义依据来源为【参考资料】片段4中的“数据库系统基础资料”，具体文件名为database_systems.md。",computer_networks.md(0.7295); database_systems.md(0.6965); ai_rag_notes.md(0.6701); database_systems.md(0.6545),1,0.0,0.4155,138.5363,138.9519,
vector,qwen2.5:7b-instruct-q4_K_M,4,22,数据库,MVCC 如何减少读写冲突？,MVCC 保存数据多个版本，让读操作读取一致性快照，从而减少读写冲突。,database_systems.md,1,"知识库中没有找到明确答案。

由于参考资料中的内容主要涉及扩散模型、匹配原则以及生存扩散概率模型等计算机科学领域内的特定主题，并未直接提及MVCC（多版本并发控制）的相关信息。因此，无法根据提供的资料直接回答MVCC如何减少读写冲突的问题。

依据来源：
- 片段1：arxiv_020_2605.22765v1.md
- 片段2：arxiv_006_2605.22800v1.md
- 片段3：arxiv_014_2605.22776v1.md
- 片段4：arxiv_010_2605.22786v1.md",arxiv_020_2605.22765v1.md(0.7203); arxiv_006_2605.22800v1.md(0.7154); arxiv_014_2605.22776v1.md(0.7109); arxiv_010_2605.22786v1.md(0.7089),0,0.0,0.3763,115.5778,115.9542,
vector,qwen2.5:7b-instruct-q4_K_M,4,23,人工智能,Transformer 为什么不依赖循环结构也能建模序列关系？,Transformer 通过自注意力计算序列中不同位置之间的关联，并使用位置编码补充词序信息。,ai_rag_notes.md,1,"知识库中没有找到明确答案。

依据来源：
- 分片1：ai_rag_notes.md
- 分片2：computer_networks.md
- 分片3：computer_networks.md
- 分片4：arxiv_020_2605.22765v1.md",ai_rag_notes.md(0.6933); computer_networks.md(0.6896); computer_networks.md(0.6659); arxiv_020_2605.22765v1.md(0.6624),1,0.0,0.414,92.5342,92.9483,
vector,qwen2.5:7b-instruct-q4_K_M,4,24,人工智能,多头注意力的作用是什么？,多头注意力可以在多个表示子空间中学习不同关系，增强模型表达能力。,ai_rag_notes.md,1,"多头注意力机制可以学习序列中不同位置之间的多种关系，并通过多个并行的注意力子空间来增强模型的理解能力。

- 多头注意力机制的关键在于它可以在不同的表示子空间中学习到不同类型的依赖关系。具体来说，每个“头”（head）会关注输入序列的不同方面或特征。
- 在计算过程中，首先会对输入进行线性变换以生成查询、键和值向量；然后通过计算这些向量之间的注意力分数来确定各个位置的重要性；最后将加权后的值向量组合起来形成最终的输出。这种并行处理的方式使得模型能够高效地捕捉到序列中的复杂依赖关系。
- 由于每个头关注的信息不同，因此它们可以互补地提供对输入序列的理解，从而增强整体模型的表现力。

依据来源：[片段1] 文件：ai_rag_notes.md",ai_rag_notes.md(0.7116); database_systems.md(0.6364); computer_networks.md(0.5842); computer_networks.md(0.5840),1,0.9655,0.4121,144.201,144.6131,
vector,qwen2.5:7b-instruct-q4_K_M,4,25,RAG,Ollama 本地部署在课程设计中有什么优势？,本地部署使专业文档无需上传第三方服务，便于保护隐私和复现实验环境。,ai_rag_notes.md,1,"Ollama 本地部署在课程设计中的主要优势在于能够保护专业文档隐私，并方便复现实验环境。

1. **保护专业文档隐私**：通过本地部署大语言模型，数据不需要上传到第三方服务，可以有效防止敏感信息泄露。这不仅符合安全要求，也满足了学术研究和教学活动对数据私密性的需求。
2. **便于复现实验环境**：本地部署使得实验环境更加可控，无需依赖外部网络或云服务的稳定性，有助于确保课程设计的一致性和可重复性。

依据来源：
- 引用片段编号3和文件名ai_rag_notes.md。",computer_networks.md(0.7625); operating_systems.md(0.6685); ai_rag_notes.md(0.6503); computer_networks.md(0.6409),1,1.0,0.4229,136.3026,136.7256,
vector,qwen2.5:7b-instruct-q4_K_M,4,26,RAG,Embedding 在 RAG 中承担什么任务？,Embedding 把文本映射为高维向量，使系统能用余弦相似度进行语义检索。,ai_rag_notes.md,1,"知识库中没有找到明确答案。

依据来源：[片段2] 文件：ai_rag_notes.md",computer_networks.md(0.6577); ai_rag_notes.md(0.6253); operating_systems.md(0.6220); arxiv_002_2605.22820v1.md(0.6182),1,0.0,0.384,81.7443,82.1283,
vector,qwen2.5:7b-instruct-q4_K_M,4,27,RAG,RAG 的基本流程是什么？,RAG 流程包括文档解析、文本切分、向量化入库、问题向量化、相似度检索、Prompt 拼接和答案生成。,ai_rag_notes.md,1,"RAG（Retrieval-Augmented Generation）的基本流程包括文档解析、文本切分、向量化入库、问题向量化、相似度检索、Prompt 拼接和答案生成。

1. **文档解析**：首先对输入的文档进行解析，提取出关键信息。
2. **文本切分**：将解析后的文档内容分割成多个片段。
3. **向量化入库**：为每个片段生成对应的高维向量，并存入数据库中。
4. **问题向量化**：用户提问时，也将问题转化为相应的向量形式。
5. **相似度检索**：通过计算问题向量与存储的文档片段向量之间的余弦相似度来找到最相关的片段作为上下文。
6. **Prompt 拼接**：将检索到的相关片段与生成模型的提示词拼接起来，形成完整的输入。
7. **答案生成**：最后由大语言模型根据拼接后的信息生成最终的答案。

依据来源：
- 片段1，文件：ai_rag_notes.md",ai_rag_notes.md(0.6894); computer_networks.md(0.6564); ai_rag_notes.md(0.6477); operating_systems.md(0.6378),1,0.3333,0.3769,151.1875,151.5645,
vector,qwen2.5:7b-instruct-q4_K_M,4,28,RAG,RAG 可以缓解大模型的哪些问题？,RAG 可以缓解知识过时、专业知识不足和幻觉问题。,ai_rag_notes.md,1,"RAG（Retrieval-Augmented Generation）可以缓解大模型在处理长文档理解和生成时的局限性。具体来说，RAG通过结合检索和生成的方式，能够提高模型对长文档的理解能力，并增强其生成内容的相关性和准确性。

1. **关键概念**：RAG系统通常先将文档切分成片段，然后利用检索模块从这些片段中找到与当前任务相关的部分。
2. **步骤说明**：
   - 文档预处理：首先将大量文本资料拆分为多个小段落或句子。
   - 检索过程：当需要生成内容时，模型会先通过检索模块在预先分好的文档片段中查找相关信息。
   - 生成增强：基于找到的相关信息进行内容生成，从而提高生成结果的质量和相关性。
3. **原因分析**：
   - 提升理解能力：对于长篇幅的文本资料，直接使用大语言模型可能难以全面理解和准确提取关键信息。通过RAG系统可以更有效地定位到具体需要的信息片段。
   
依据来源：
- 来源编号：[片段3] 文件名：ai_rag_notes.md",computer_networks.md(0.6263); operating_systems.md(0.6135); ai_rag_notes.md(0.6120); database_systems.md(0.6034),1,0.0,0.4001,159.554,159.9542,
vector,qwen2.5:7b-instruct-q4_K_M,4,29,RAG,专业文档问答的 Prompt 为什么要要求拒绝编造？,因为检索片段可能没有答案，拒绝编造可以降低幻觉并提升答案可信度。,ai_rag_notes.md,1,"专业文档问答的Prompt要求模型拒绝编造答案是因为在专业场景中，确保信息准确性和可靠性至关重要。这样可以避免误导用户，并保持知识库的专业性。

1. **关键概念**：在专业文档问答中，模型需要严格依据提供的资料进行回答。如果检索片段中没有直接的答案，模型应明确说明未找到相关信息。
2. **步骤或原因**：
   - **确保准确性**：拒绝编造答案可以避免提供错误信息，保证用户获得准确的知识。
   - **提升可信度**：当模型能够清晰地表明知识库中未找到相关答案时，会增加用户的信任感和满意度。
   - **防止误导**：在专业领域，即使是细微的不准确性也可能导致严重的后果。因此，明确拒绝编造可以有效避免这种风险。

依据来源：
- [片段1] 文件：ai_rag_notes.md
- [片段2] 文件：ai_rag_notes.md",ai_rag_notes.md(0.7541); ai_rag_notes.md(0.7298); database_systems.md(0.6759); ai_rag_notes.md(0.6520),1,0.8571,0.5368,141.0319,141.5688,
vector,qwen2.5:7b-instruct-q4_K_M,4,30,RAG,影响 RAG 最终效果的关键因素有哪些？,检索质量、文档切分策略和提示词约束会直接影响最终问答效果。,ai_rag_notes.md,1,"知识库中没有找到明确答案。

由于参考资料主要涉及计算机网络、数据库系统以及AI相关的技术文档，并未具体提及RAG（Retrieval-Augmented Generation）的相关内容。因此无法直接回答影响RAG最终效果的关键因素有哪些。建议查阅专门关于RAG的资料以获取准确信息。",ai_rag_notes.md(0.6591); computer_networks.md(0.6235); arxiv_002_2605.22820v1.md(0.6114); database_systems.md(0.6088),1,0.4828,0.3931,91.0653,91.4584,
hybrid,qwen2.5:7b-instruct-q4_K_M,4,1,网络,计算机网络采用分层体系结构的主要意义是什么？,分层可以降低复杂度，使每层只关注本层职责并通过接口向上层提供服务，便于协议替换和故障定位。,computer_networks.md,1,"计算机网络采用分层体系结构的主要意义在于通过将复杂的功能分解为多个层次来降低系统复杂度。每一层只关注本层职责，并通过接口向上层提供服务，这样既方便协议替换，也便于定位网络故障。

1. **关键概念**：分层体系结构将整个网络通信过程划分为若干个相互独立的层级。
2. **步骤或原因**：
   - 降低系统复杂度：通过层次化设计，可以将复杂的任务分解为多个简单的小任务。
   - 方便协议替换：每一层的功能相对独立，因此在某一层进行协议更新时不会影响其他层。
   - 定位网络故障：由于各层之间有明确的接口定义，便于在网络出现问题时快速定位问题所在。

依据来源：
- 片段1，文件名：computer_networks.md",computer_networks.md(1.0000); computer_networks.md(0.4156); ai_rag_notes.md(0.4113); database_systems.md(0.4003),1,0.9512,0.4485,163.8744,164.3229,
hybrid,qwen2.5:7b-instruct-q4_K_M,4,2,网络,OSI 参考模型包含哪些层？,OSI 参考模型包含物理层、数据链路层、网络层、传输层、会话层、表示层和应用层。,computer_networks.md,1,"OSI参考模型包含了物理层、数据链路层、网络层、传输层、会话层、表示层和应用层。

- 物理层：负责定义了通过物理媒体传输的比特流所需要的机械、电气、功能及过程等特性，是OSI最底层。
- 数据链路层：确保相邻节点之间数据的正确传输，包括错误检测与纠正机制。
- 网络层：处理不同网络之间的通信问题，实现逻辑寻址和路由选择。
- 传输层：提供端到端的数据传输服务，保证数据的可靠性和完整性。
- 会话层：管理主机间建立、维护及终止对话连接。
- 表示层：负责数据格式转换与加密解密等操作。
- 应用层：为用户提供网络应用服务。

依据来源：
[片段1] 文件：computer_networks.md",computer_networks.md(0.9095); arxiv_012_2605.22781v1.md(0.5030); ai_rag_notes.md(0.5012); ai_rag_notes.md(0.4979),1,0.0,0.3861,126.942,127.3283,
hybrid,qwen2.5:7b-instruct-q4_K_M,4,3,网络,TCP 为什么适合文件传输和网页访问？,TCP 面向连接并提供可靠传输，使用确认、重传、流量控制和拥塞控制保证数据可靠到达。,computer_networks.md,1,"TCP（传输控制协议）适合文件传输和网页访问的原因在于其能够提供可靠的数据传输服务。具体来说：

1. **三次握手建立连接**：在数据传输前，TCP 通过三次握手建立连接，确保双方都准备好进行通信。
2. **序号、确认应答、重传机制**：TCP 使用序号来跟踪每个字节的位置，并通过确认应答和重传机制保证数据的完整性和可靠性。
3. **流量控制与拥塞控制**：这些特性帮助 TCP 调整发送速率，避免网络拥塞。

依据来源：
- 关键概念、步骤或原因来源于【参考资料】片段1中的“TCP 与 UDP”部分。具体信息见文件《computer_networks.md》。",computer_networks.md(0.8878); ai_rag_notes.md(0.4500); database_systems.md(0.4199); ai_rag_notes.md(0.4011),1,0.5,0.4123,137.5707,137.983,
hybrid,qwen2.5:7b-instruct-q4_K_M,4,4,网络,UDP 的特点和典型应用场景是什么？,UDP 无连接、开销小、时延低，不保证可靠交付，常用于 DNS、实时音视频和在线游戏。,computer_networks.md,1,"UDP 是无连接传输协议，它不保证可靠交付，也不维护连接状态，因此协议开销小、时延低。其典型应用场景包括 DNS 查询、实时音视频、在线游戏等更关注实时性的场景。

- 关键概念：无连接性、低协议开销和低时延。
- 步骤或原因：由于 UDP 不需要建立连接且不保证数据可靠传输，因此适用于对即时通信有较高要求的场景。例如，在线游戏中，即使偶尔出现丢包也不会影响游戏体验；实时音视频传输中，快速的数据传输比确保每条消息都正确送达更为重要。
- 依据来源：[片段1] 计算机网络基础资料

参考文献：
- 片段编号：1
- 文件名：computer_networks.md",computer_networks.md(0.8990); computer_networks.md(0.7403); computer_networks.md(0.4803); ai_rag_notes.md(0.4744),1,0.3333,0.4242,123.1725,123.5967,
hybrid,qwen2.5:7b-instruct-q4_K_M,4,5,网络,CIDR 中 192.168.1.0/24 表示什么？,它表示前 24 位是网络前缀，对应 192.168.1.0 这个网络范围。,computer_networks.md,1,"CIDR 中 192.168.1.0/24 表示前 24 位是网络前缀。

- 关键概念：CIDR（无类别域间路由）使用“地址/前缀长度”的方式表示网络范围，其中的“/”后面的部分即为前缀长度。
- 步骤或原因：在 IP 地址 192.168.1.0 中，“/24”表示该地址的前 24 位用于标识网络部分，剩余的 8 位用于标识主机部分。因此，这个 CIDR 表示的是一个以 192.168.1.0 开头、包含 256（2^8）个 IP 地址的子网。

依据来源：
- 片段编号：[片段1]
- 文件名：computer_networks.md",computer_networks.md(1.0000); arxiv_013_2605.22779v1.md(0.3725); database_systems.md(0.3360); arxiv_011_2605.22785v1.md(0.2873),1,0.4,0.4098,141.8837,142.2936,
hybrid,qwen2.5:7b-instruct-q4_K_M,4,6,网络,HTTPS 相比 HTTP 增加了哪些安全能力？,HTTPS 在 HTTP 与 TCP 之间加入 TLS，提供身份认证、数据加密和完整性校验。,computer_networks.md,1,"HTTPS相比HTTP增加了身份认证、数据加密和完整性校验的安全能力。

- **关键概念**：HTTPS通过在HTTP与TCP之间加入TLS（传输层安全）加密层来增强安全性。TLS协议确保了通信双方的身份验证，并对传输的数据进行加密，防止被窃听或篡改。
- **步骤或原因**：
  - **身份认证**：HTTPS使用证书链来验证服务器的身份，确保用户连接的是正确的网站，而不是伪造的站点。
  - **数据加密**：通过TLS协议，HTTPS可以对传输的数据进行加密处理，即使数据在传输过程中被截获，也无法直接读取其内容。
  - **完整性校验**：HTTPS还提供了消息认证码（MAC）机制，用于验证数据在传输过程中的完整性和真实性。

依据来源：
- 来源片段编号：[片段1]
- 文件名：computer_networks.md",computer_networks.md(0.8592); ai_rag_notes.md(0.5635); arxiv_001_2605.22821v1.md(0.5033); arxiv_002_2605.22820v1.md(0.5026),1,0.0,0.3926,139.2628,139.6555,
hybrid,qwen2.5:7b-instruct-q4_K_M,4,7,网络,DNS 缓存有什么作用？,DNS 缓存可以减少重复查询并提高访问速度，但缓存过期时间会影响域名变更生效速度。,computer_networks.md,1,"DNS缓存可以减少重复查询，提高访问速度。但缓存过期时间也会影响域名变更生效的速度。

- 关键概念：DNS缓存存储了最近解析过的域名及其对应的IP地址记录。
- 步骤或原因：
  1. 当客户端需要解析一个域名时，首先会检查本地缓存中是否已有该域名的记录；
  2. 如果有，则直接使用缓存中的信息进行后续操作，从而避免向递归DNS服务器发起额外请求；
  3. 缓存过期后，客户端将重新查询以获取最新的IP地址。

依据来源：[片段1] 文件：computer_networks.md",computer_networks.md(0.9410); computer_networks.md(0.5958); arxiv_002_2605.22820v1.md(0.4815); arxiv_006_2605.22800v1.md(0.4607),1,0.0,0.3935,112.584,112.9776,
hybrid,qwen2.5:7b-instruct-q4_K_M,4,8,操作系统,进程和线程的核心区别是什么？,进程是资源分配和保护的基本单位，线程是 CPU 调度的基本单位；同一进程内线程共享地址空间和资源。,operating_systems.md,1,"进程与线程的主要区别在于它们是操作系统进行资源管理和调度的基本单位的不同层次。进程拥有独立的地址空间、打开文件等资源，并且彼此之间隔离性强；而线程则是CPU调度的基本单位，在同一进程中多个线程共享进程地址空间和大部分资源，但各自拥有程序计数器、寄存器和栈。

1. 关键概念：进程是操作系统进行资源分配和保护的基本单位，每个进程拥有独立的地址空间、打开文件等资源；线程则是CPU调度的基本单位，在同一进程中多个线程共享进程地址空间和大部分资源。
2. 步骤或原因：由于进程之间隔离性强，通信成本较高；而线程共享数据方便，切换开销通常更低。因此在需要高效利用多核处理器、减少进程间通信开销的场景下，使用线程更为合适。
3. 依据来源：[片段1] 文件：operating_systems.md",operating_systems.md(0.9578); operating_systems.md(0.4575); computer_networks.md(0.4500); ai_rag_notes.md(0.4259),1,0.0,0.3903,148.9664,149.3567,
hybrid,qwen2.5:7b-instruct-q4_K_M,4,9,操作系统,线程共享数据为什么还需要锁或信号量？,线程共享进程地址空间，多个线程并发访问共享数据可能产生竞态条件，因此需要同步机制。,operating_systems.md,1,"线程共享数据时需要使用锁或信号量来处理并发访问带来的竞态条件。这是因为多个线程可能同时读写同一块内存区域，导致数据不一致或其他错误。

1. **关键概念**：在多线程环境中，每个线程都有自己的程序计数器、寄存器和栈，但共享进程地址空间中的数据。当多个线程同时访问并修改这些共享资源时，可能会出现竞态条件（race condition），即结果依赖于执行的相对顺序。
2. **步骤或原因**：为了确保多线程环境下的数据一致性，需要使用锁或信号量等同步机制来控制对共享资源的访问。具体来说：
   - **锁**：当一个线程获取了某个锁后，其他试图在同一时间获取该锁的线程会被阻塞，直到持有锁的线程释放它。
   - **信号量**：与锁类似，但可以用于更复杂的同步场景，如限制同时访问资源的最大数量。

3. **依据来源**：
   - 来源：操作系统基础资料
   - 引用片段编号及文件名：[片段1] 文件：operating_systems.md",operating_systems.md(0.9795); database_systems.md(0.5403); computer_networks.md(0.5027); ai_rag_notes.md(0.4792),1,0.9143,0.3931,178.4492,178.8424,
hybrid,qwen2.5:7b-instruct-q4_K_M,4,10,操作系统,时间片轮转调度为什么适合交互式系统？,时间片轮转为每个就绪进程分配固定时间片，提升公平性和响应性。,operating_systems.md,1,"时间片轮转调度算法适合交互式系统，因为它为每个就绪进程分配固定的时间片，当一个进程的时间片用完后，它会被移到就绪队列的尾部，从而让其他进程有机会获得CPU资源。这样可以确保即使有多个短作业同时到达，它们也能在较短时间内得到响应和执行。

### 关键概念、步骤或原因
- **时间片**：每个进程被分配一个固定的时间段，在这段时间内它可以运行。
- **公平性提升**：当时间片用完后，进程回到就绪队列尾部，确保了所有进程都有机会获得CPU资源。
- **响应性提高**：由于短作业可以快速得到执行，因此用户交互能够更快地得到响应。

### 依据来源
[片段1] 文件：operating_systems.md",operating_systems.md(0.8955); database_systems.md(0.4851); ai_rag_notes.md(0.4109); computer_networks.md(0.3962),1,1.0,0.4086,159.6669,160.0756,
hybrid,qwen2.5:7b-instruct-q4_K_M,4,11,操作系统,虚拟内存的作用是什么？,虚拟内存将进程地址空间与物理内存解耦，扩大可用地址空间、提供隔离并支持按需分页。,operating_systems.md,1,"虚拟内存的主要作用是扩大可用地址空间、提供进程隔离、简化程序装载以及支持按需分页。

- 关键概念：虚拟内存通过将进程看到的地址空间与物理内存解耦，使得每个进程可以使用更大的地址空间。操作系统利用页表机制将虚拟地址映射到实际的物理地址。
- 步骤或原因：
  - 虚拟内存系统允许进程拥有比实际可用物理内存大得多的地址空间；
  - 操作系统通过管理页面和磁盘上的交换区，实现按需分页，即只有当程序访问到某个虚拟地址对应的物理页时才将其调入内存；
  - 这种机制还提供了进程间的隔离性，即使一个进程崩溃也不会影响其他进程的正常运行。

依据来源：[片段1] 文件：operating_systems.md",operating_systems.md(1.0000); operating_systems.md(0.7060); computer_networks.md(0.6054); computer_networks.md(0.4772),1,0.9706,0.3974,143.9118,144.3092,
hybrid,qwen2.5:7b-instruct-q4_K_M,4,12,操作系统,缺页中断频繁会导致什么问题？,频繁缺页会使系统不断换入换出页面，导致抖动和性能下降。,operating_systems.md,1,"缺页中断频繁会导致系统抖动和性能下降。

- 关键概念：缺页中断是指虚拟内存管理中，当一个进程请求访问的页面不在物理内存中时，会产生缺页中断。操作系统需要将该页面从磁盘调入内存，并替换掉当前的某些页面。
- 步骤或原因：频繁的缺页中断意味着系统需要不断在内存和磁盘之间进行数据交换，这会增加I/O操作的次数，从而导致性能下降。同时，频繁的页面置换也会引起抖动现象，即频繁地将页面调入调出，反而增加了系统的开销。
- 依据来源：[片段1] 文件：operating_systems.md

参考资料：
- 片段1 来源文件：operating_systems.md",operating_systems.md(0.9632); ai_rag_notes.md(0.5088); computer_networks.md(0.4500); database_systems.md(0.4273),1,0.96,0.4163,131.8213,132.2376,
hybrid,qwen2.5:7b-instruct-q4_K_M,4,13,操作系统,死锁产生的四个必要条件是什么？,四个必要条件是互斥、占有并等待、不可抢占和循环等待。,operating_systems.md,1,"死锁产生的四个必要条件是互斥、占有并等待、不可抢占和循环等待。

- 互斥：至少有一个资源不能被多个进程同时占用。这意味着在某个时刻一个资源只能由一个进程使用。
- 占有并等待：当一个进程已经占有了某些资源，但还需要额外的资源才能继续执行时，它会暂时阻塞，并等待所需的资源。
- 不可抢占：一旦一个进程占有了一个资源，那么这个资源就不能被其他进程强行夺走。只有当前进程释放该资源后，其他进程才有机会获得它。
- 循环等待：存在一组进程集合P1, P2,..., Pn，其中每个进程Pi都持有至少一个资源，并且正在等待Pj所持有的某个资源（i和j可以相同）。

依据来源：
- 片段1，文件名：operating_systems.md",operating_systems.md(0.8985); computer_networks.md(0.4500); computer_networks.md(0.4032); ai_rag_notes.md(0.3861),1,1.0,0.4024,144.6425,145.045,
hybrid,qwen2.5:7b-instruct-q4_K_M,4,14,操作系统,银行家算法属于哪类死锁处理策略？,银行家算法属于死锁避免策略，会在资源分配前判断系统是否处于安全状态。,operating_systems.md,1,"银行家算法属于死锁避免的策略。

### 关键概念与步骤：
- **互斥条件**：资源被独占使用，一个资源一次只能由一个进程使用。
- **请求和保持条件**：进程已经保持至少一个资源，而又提出了新的资源申请，而新的资源已被其他进程占有。
- **不剥夺条件**：进程已获得的资源，在释放之前不能强行剥夺。
- **循环等待条件**：若干进程之间形成一种头尾相接的循环等待资源关系。

### 步骤：
1. 银行家算法在分配资源前，会先检查系统是否处于安全状态。如果存在一个安全序列，则可以进行资源分配；否则，拒绝分配。
2. 系统维护两个矩阵：当前可用资源向量 `Available` 和最大需求矩阵 `Max`。
3. 通过计算剩余资源向量 `Need = Max - Allocation` 来确定每个进程还需要多少资源才能完成任务。
4. 检查系统是否安全。如果存在一个序列，使得每个进程在序列中都能从当前可用资源和已分配资源中获得足够的资源来满足其最大需求，则认为系统处于安全状态。

### 依据来源：
- 引用片段编号：[片段2]
- 文件名：operating_systems.md",operating_systems.md(0.9381); operating_systems.md(0.4814); database_systems.md(0.4500); database_systems.md(0.4242),1,0.9394,0.4008,180.1611,180.5619,
hybrid,qwen2.5:7b-instruct-q4_K_M,4,15,操作系统,日志文件系统为什么能提高崩溃恢复能力？,日志文件系统先记录元数据操作日志，再修改结构，崩溃后可根据日志恢复一致性。,operating_systems.md,1,"日志文件系统通过记录元数据操作日志再修改文件系统结构的方式，在系统崩溃后能够恢复一致性。这主要是因为日志文件系统在进行元数据操作时会先将这些操作写入日志文件中，然后再执行实际的磁盘写入操作。这样即使系统突然崩溃，重启后可以通过重做日志中的未完成操作或撤销已提交的操作来恢复到崩溃前的状态。

### 关键概念、步骤或原因
1. **元数据操作记录**：在进行如创建、删除文件等元数据操作时，这些操作会被先写入日志。
2. **实际修改延迟执行**：真正的磁盘写入操作被延迟执行，直到日志中的所有相关操作都已完成。
3. **崩溃恢复机制**：
   - 如果系统正常关闭，则会完成所有记录在日志中的操作，并最终写入磁盘。
   - 若系统因意外原因崩溃，在重启后可以检查日志文件来确定哪些操作已经完成、哪些未完成，从而进行相应的重做或撤销操作。

### 依据来源
- 来源：[片段3] 文件：ai_rag_notes.md",operating_systems.md(0.8780); database_systems.md(0.5067); ai_rag_notes.md(0.4759); ai_rag_notes.md(0.4668),1,0.9677,0.4153,171.4716,171.8869,
hybrid,qwen2.5:7b-instruct-q4_K_M,4,16,数据库,关系数据库中的主键和外键分别有什么作用？,主键唯一标识表中记录，外键表达表之间的引用关系。,database_systems.md,1,"主键用于唯一标识关系数据库表中的记录，而外键则用于表达不同表之间的引用关系。

- 关键概念：主键（Primary Key）是确保数据行的唯一性的字段。它保证了每一条记录在该表中都是唯一的，并且不能有空值。
- 步骤或原因：当创建一个具有主键约束的列时，数据库会自动确保该列中的每个值都是唯一的。这有助于保持数据的一致性和完整性。

- 关键概念：外键（Foreign Key）是用于建立和加强两个表数据之间的链接的字段。它允许引用另一个表的主键，并且可以用来维护表与表之间关系的数据完整性和一致性。
- 步骤或原因：当一个表中的列被定义为外键时，该列必须包含另一个表中主键的有效值。这有助于确保两个相关表之间的数据一致性和完整性。

依据来源：
[片段1] 文件：database_systems.md",database_systems.md(0.9959); database_systems.md(0.5996); computer_networks.md(0.4785); ai_rag_notes.md(0.4491),1,1.0,0.4026,137.2352,137.6379,
hybrid,qwen2.5:7b-instruct-q4_K_M,4,17,数据库,数据库规范化的目的是什么？,规范化用于减少数据冗余和更新异常，提高数据一致性。,database_systems.md,1,"数据库规范化的主要目的是减少数据冗余和更新异常，从而提高数据的一致性和完整性。

- 关键概念：第一范式要求属性不可再分；第二范式要求非主属性完全依赖候选键；第三范式要求非主属性不传递依赖候选键。
- 步骤或原因：通过逐步将关系模式分解为多个更简单的表，确保每个表中的数据都满足一定的规范性条件。这样可以避免插入异常、删除异常和更新异常等问题。

依据来源：
[片段1] 文件：database_systems.md",database_systems.md(0.9118); ai_rag_notes.md(0.4500); computer_networks.md(0.4387); computer_networks.md(0.4114),1,0.913,0.4235,113.2503,113.6739,
hybrid,qwen2.5:7b-instruct-q4_K_M,4,18,数据库,第三范式主要约束什么问题？,第三范式要求非主属性不传递依赖候选键，以减少传递依赖带来的异常。,database_systems.md,1,"第三范式主要用于解决非主属性对候选键的传递依赖问题。

- 关键概念：在数据库设计中，第三范式（3NF）要求一个关系模式中的所有非主属性都完全函数依赖于整个候选键。这意味着非主属性不能通过其他非主属性间接地依赖于候选键。
- 步骤或原因：当存在传递依赖时，即某个非主属性A依赖于另一个非主属性B，而B又依赖于候选键C，则这种依赖关系是不满足第三范式的。为了解决这个问题，需要将具有传递依赖的属性重新分配到其他表中。
- 依据来源：[片段1] 文件：database_systems.md

参考文献：
- 片段编号及文件名：[片段1] 文件：database_systems.md",database_systems.md(1.0000); ai_rag_notes.md(0.6746); ai_rag_notes.md(0.4946); ai_rag_notes.md(0.4646),1,0.7857,0.4192,136.9842,137.4035,
hybrid,qwen2.5:7b-instruct-q4_K_M,4,19,数据库,B+ 树索引为什么适合范围查询？,B+ 树叶子节点按键值有序并通过链表相连，便于顺序扫描范围数据。,database_systems.md,1,"B+树索引适合范围查询的原因在于其结构特点。首先，B+树的叶子节点是有序的，并且通过链表相连，这使得可以方便地进行顺序访问；其次，所有数据都存储在叶子节点中，非叶子节点只存放键值和指向子节点的指针。

1. **关键概念**：B+树是一种自平衡多路查找树。
2. **步骤或原因**：
   - B+树的结构使得可以快速找到范围查询的第一个匹配项。
   - 通过链表连接，可以从第一个匹配项开始顺序访问后续的所有匹配项，直到满足查询结束条件。

依据来源：[片段1] 文件：database_systems.md",database_systems.md(1.0000); computer_networks.md(0.4058); computer_networks.md(0.3976); database_systems.md(0.3806),1,0.0,0.4204,109.3323,109.7527,
hybrid,qwen2.5:7b-instruct-q4_K_M,4,20,数据库,索引会带来哪些代价？,索引会占用额外存储空间，并增加插入、删除、更新时维护索引的开销。,database_systems.md,1,"索引能提高读取性能，但会占用额外存储空间，并增加插入、删除和更新时维护索引的开销。

- 索引占用额外存储空间：创建索引需要为每个索引键分配存储空间，这会增加数据库的整体存储需求。
- 维护索引的开销：在进行数据插入、删除或更新操作时，为了保持索引的一致性，系统需要相应地修改索引结构，这会带来额外的时间和资源消耗。

依据来源：
[片段1] 文件：database_systems.md",database_systems.md(0.9463); database_systems.md(0.5136); arxiv_002_2605.22820v1.md(0.4413); computer_networks.md(0.4405),1,1.0,0.3854,122.1054,122.4909,
hybrid,qwen2.5:7b-instruct-q4_K_M,4,21,数据库,事务 ACID 分别表示什么？,ACID 表示原子性、一致性、隔离性和持久性。,database_systems.md,1,"事务ACID分别代表原子性（Atomicity）、一致性（Consistency）、隔离性（Isolation）和持久性（Durability）。这四个特性共同确保了数据库中一组逻辑操作的正确执行。

- 原子性：保证事务中的所有操作要么全部成功，要么全部失败。
- 一致性：确保事务执行前后数据库满足所有的完整性约束条件。
- 隔离性：控制并发事务之间的可见性，防止一个事务看到另一个未提交的数据变化。
- 持久性：确保一旦事务被提交，其结果不会因系统故障而丢失。

依据来源：
- 片段1，文件名：database_systems.md",database_systems.md(0.9077); database_systems.md(0.7918); computer_networks.md(0.4823); ai_rag_notes.md(0.3769),1,0.0,0.4487,134.9739,135.4227,
hybrid,qwen2.5:7b-instruct-q4_K_M,4,22,数据库,MVCC 如何减少读写冲突？,MVCC 保存数据多个版本，让读操作读取一致性快照，从而减少读写冲突。,database_systems.md,1,"MVCC 通过保存数据的多个版本来减少读写冲突。具体来说，它允许读操作可以读取一致性快照，而不会受到其他并发写操作的影响。

- 关键概念：MVCC（多版本并发控制）是一种数据库技术，用于在事务处理中管理并发性。
- 步骤或原因：
  - 当进行读操作时，系统会为当前事务创建一个一致性快照，该快照基于某一时间点的数据状态。
  - 写操作不会影响已有的快照，因此正在读取的事务可以继续使用旧版本的数据而不会被写入操作干扰。

依据来源：[片段3] 文件：arxiv_006_2605.22800v1.md",database_systems.md(0.8343); arxiv_020_2605.22765v1.md(0.4620); arxiv_006_2605.22800v1.md(0.4597); arxiv_014_2605.22776v1.md(0.4524),1,0.5,0.3895,113.4831,113.8727,
hybrid,qwen2.5:7b-instruct-q4_K_M,4,23,人工智能,Transformer 为什么不依赖循环结构也能建模序列关系？,Transformer 通过自注意力计算序列中不同位置之间的关联，并使用位置编码补充词序信息。,ai_rag_notes.md,1,"Transformer 不依赖循环结构也能建模序列关系，因为它通过自注意力机制在并行计算中直接捕捉序列中的不同位置之间的关联。

- 关键概念：自注意力机制。自注意力机制允许模型在同一层内同时关注序列的不同部分，而不需要像循环神经网络（RNN）那样按顺序处理每个元素。
- 步骤或原因：Transformer 中的多头注意力机制可以在多个表示子空间中学习不同关系，位置编码则用于补充词序信息，使得模型能够并行地处理整个输入序列。

依据来源：
[片段1] 文件：ai_rag_notes.md",ai_rag_notes.md(0.9477); arxiv_016_2605.22774v1.md(0.4982); database_systems.md(0.4837); arxiv_020_2605.22765v1.md(0.4813),1,0.5,0.4067,132.5818,132.9886,
hybrid,qwen2.5:7b-instruct-q4_K_M,4,24,人工智能,多头注意力的作用是什么？,多头注意力可以在多个表示子空间中学习不同关系，增强模型表达能力。,ai_rag_notes.md,1,"多头注意力机制可以学习序列中不同位置之间的多种关系，增强模型对输入信息的理解能力。

- 关键概念：多头注意力机制是Transformer架构中的重要组成部分。它通过并行计算多个子空间的注意力得分来获取输入序列的不同表示。
- 步骤或原因：在每个子空间中，多头注意力机制会计算查询、键和值之间的相似度分数，并根据这些分数加权组合值向量以生成新的表示。这样可以捕捉到不同位置间的复杂关系，从而提高模型的表达能力。

依据来源：
[片段1] 文件：ai_rag_notes.md",ai_rag_notes.md(1.0000); computer_networks.md(0.5573); computer_networks.md(0.4847); database_systems.md(0.3642),1,1.0,0.403,134.178,134.5811,
hybrid,qwen2.5:7b-instruct-q4_K_M,4,25,RAG,Ollama 本地部署在课程设计中有什么优势？,本地部署使专业文档无需上传第三方服务，便于保护隐私和复现实验环境。,ai_rag_notes.md,1,"Ollama 本地部署在课程设计中的优势在于保护专业文档隐私并方便复现实验环境。具体来说：

1. **数据安全**：通过本地部署 Ollama 模型，可以避免将敏感的专业文档上传到第三方服务，从而有效保护这些重要信息不被泄露。
2. **实验环境一致性**：本地部署使得在不同设备上进行相同的实验变得容易，确保了实验结果的一致性和可重复性。

依据来源：
- [片段1] 文件：ai_rag_notes.md",ai_rag_notes.md(0.8952); computer_networks.md(0.4743); operating_systems.md(0.3622); computer_networks.md(0.3535),1,0.9394,0.3995,130.3003,130.6998,
hybrid,qwen2.5:7b-instruct-q4_K_M,4,26,RAG,Embedding 在 RAG 中承担什么任务？,Embedding 把文本映射为高维向量，使系统能用余弦相似度进行语义检索。,ai_rag_notes.md,1,"Embedding 在RAG中主要用于将文本转换为高维向量表示，使得语义相似的文本在向量空间中的距离更近。这样，在用户提问时，系统可以基于余弦相似度检索出最相关的文档片段作为上下文。

1. **关键概念**：Embedding 模型通过学习文本的深层语义特征，将文本转换为高维向量表示。
2. **步骤或原因**：
   - 文本切分：首先将原始文档或问题分解成多个片段。
   - 向量化入库：使用embedding模型对每个片段进行向量化处理，并存储在索引中。
   - 问题向量化：用户提问时，也将其转换为向量形式。
   - 相似度检索：通过余弦相似度计算，从已构建的向量库中找到与问题最相关的文档片段。

依据来源：
- [片段1] 文件：cse_006_data-processing.md
- [片段2] 文件：ai_rag_notes.md",cse_006_data-processing.md(0.8186); ai_rag_notes.md(0.8038); ai_rag_notes.md(0.7981); cse_012_dataset-statistics.md(0.5623),1,0.5,0.3944,127.0894,127.4839,
hybrid,qwen2.5:7b-instruct-q4_K_M,4,27,RAG,RAG 的基本流程是什么？,RAG 流程包括文档解析、文本切分、向量化入库、问题向量化、相似度检索、Prompt 拼接和答案生成。,ai_rag_notes.md,1,"RAG（Retrieval-Augmented Generation）的基本流程包括文档解析、文本切分、向量化入库、问题向量化、相似度检索、Prompt 拼接和答案生成。

1. 文档解析：将外部知识库中的文档进行结构化处理，以便后续操作。
2. 文本切分：将解析后的文档内容分割成多个片段，便于管理和查询。
3. 向量化入库：为每个文本片段生成向量表示，并存储在索引中。
4. 问题向量化：将用户提出的问题转换为向量形式。
5. 相似度检索：使用余弦相似度等方法，在向量空间中找到与问题最相关的文档片段作为上下文。
6. Prompt 拼接：结合检索到的上下文信息和生成模型，构建合适的提示词（Prompt）以引导模型输出答案。
7. 答案生成：利用大语言模型根据拼接好的提示词生成最终的答案。

依据来源：
[片段1] 文件：ai_rag_notes.md",ai_rag_notes.md(1.0000); operating_systems.md(0.6350); cse_009_using-with-rag-systems.md(0.5494); ai_rag_notes.md(0.5289),1,0.3333,0.4389,157.1639,157.6029,
hybrid,qwen2.5:7b-instruct-q4_K_M,4,28,RAG,RAG 可以缓解大模型的哪些问题？,RAG 可以缓解知识过时、专业知识不足和幻觉问题。,ai_rag_notes.md,1,"RAG（Retrieval-Augmented Generation）系统可以缓解大模型的知识过时、专业知识不足和幻觉问题。

- RAG 系统通过结合外部知识库检索与生成模型的生成能力来提升整体性能。具体来说：
  - **知识过时**：RAG 可以利用最新的文档片段作为上下文，确保回答基于最新信息。
  - **专业知识不足**：通过接入特定领域的文档，增强大模型在专业领域内的理解和表达能力。
  - **幻觉问题**：当生成的答案与实际知识库内容不符时，RAG 系统可以拒绝生成并指出知识库中没有相关证据。

依据来源：
- [片段1] 文件：ai_rag_notes.md",ai_rag_notes.md(0.9658); ai_rag_notes.md(0.6038); computer_networks.md(0.5087); ai_rag_notes.md(0.4884),1,0.5,0.3866,115.0284,115.4151,
hybrid,qwen2.5:7b-instruct-q4_K_M,4,29,RAG,专业文档问答的 Prompt 为什么要要求拒绝编造？,因为检索片段可能没有答案，拒绝编造可以降低幻觉并提升答案可信度。,ai_rag_notes.md,1,"专业文档问答的Prompt要求拒绝编造是为了确保答案的真实性和准确性。这一步骤能够保证用户获得基于现有资料的信息，避免模型生成与事实不符的内容。

1. **关键概念**：在专业文档问答场景中，准确性和可靠性至关重要。编造的答案可能会误导用户，特别是在需要高度精确信息的情况下。
2. **步骤或原因**：
   - **确保准确性**：依据资料回答可以保证答案的正确性，避免因模型生成错误而给用户提供不实信息。
   - **提高可追溯性**：当要求模型引用来源时，用户可以根据提供的文献进行验证，从而增强对答案的信任度。
3. **分点解释**：
   - **提升可信度**：明确要求依据资料回答可以显著提升问答系统的整体可信度。
   - **避免幻觉问题**：大语言模型有时会生成与事实不符的“幻觉”内容。通过约束模型只基于现有信息作答，可以有效缓解这一问题。

依据来源：
- 片段1：文件ai_rag_notes.md
- 片段2：文件ai_rag_notes.md",ai_rag_notes.md(0.9754); ai_rag_notes.md(0.7967); ai_rag_notes.md(0.4002); database_systems.md(0.3876),1,0.7857,0.4078,148.6387,149.0465,
hybrid,qwen2.5:7b-instruct-q4_K_M,4,30,RAG,影响 RAG 最终效果的关键因素有哪些？,检索质量、文档切分策略和提示词约束会直接影响最终问答效果。,ai_rag_notes.md,1,"影响RAG最终效果的关键因素主要包括检索质量、切分策略以及提示词约束。

- 检索质量：高质量的检索结果能够更准确地找到与用户问题相关的文档片段。这依赖于文档解析的质量、文本切分的有效性以及向量化表示的准确性。
- 切分策略：合理的切分策略可以确保每个片段包含足够的信息，同时保持简洁性，以便生成模型更好地理解上下文并给出恰当的回答。
- 提示词约束：在提问时使用适当的提示词可以帮助系统更准确地理解问题意图，并从检索到的相关片段中提取出正确答案。

依据来源：
1. [片段1] 文件：ai_rag_notes.md
2. [片段1] 文件：ai_rag_notes.md",ai_rag_notes.md(0.9184); cse_009_using-with-rag-systems.md(0.7026); ai_rag_notes.md(0.5446); cse_001_cse-course-rag-dataset.md(0.5381),1,0.8621,0.4356,123.2368,123.6725,
